symbol,n_days,n_filings,n_folds,auc_numeric,auc_tokens,auc_fusion,f1_numeric,f1_tokens,f1_fusion,brier_numeric,brier_tokens,brier_fusion,ece_numeric,ece_tokens,ece_fusion,delta_auc_tok_num,delta_auc_fus_tok,delta_f1_tok_num,delta_f1_fus_tok,delta_brier_tok_num,delta_brier_fus_tok,delta_ece_tok_num,delta_ece_fus_tok,tok_beats_num,fus_beats_tok,full_hypothesis
BHEL,2452,888,56,0.5561532249665868,0.5309642119038233,0.5366352799370916,0.42274346919732037,0.41093820618159954,0.4142281670365276,0.2651157881953444,0.26283026175918384,0.2616283312631529,0.15103341617624075,0.13741758260612874,0.13879316867651614,-0.025189013062763554,0.005671068033268334,-0.011805263015720824,0.0032899608549280535,-0.00228552643616059,-0.0012019304960309563,-0.013615833570112007,0.0013755860703874023,False,True,False
ITC,2453,832,56,0.507809696425378,0.5201932164843159,0.5352345691091027,0.3831798672892805,0.4136620492266477,0.43394247533460667,0.26371193905742013,0.2809858323149516,0.27406273428868205,0.15015277429784094,0.18081049156063805,0.17970311188441088,0.012383520058937947,0.015041352624786786,0.03048218193736718,0.020280426107958993,0.01727389325753148,-0.0069230980262695585,0.03065771726279712,-0.001107379676227177,True,True,True
POWERGRID,2452,135,56,0.5331415140062192,0.5334388102290382,0.5337431892528028,0.36295872740999513,0.4233793693831223,0.43200015178814155,0.26728552852984294,0.26657722926254174,0.2649222354940922,0.13922212425212968,0.15016303741257309,0.1403999955875198,0.0002972962228189324,0.0003043790237646782,0.06042064197312719,0.008620782405019234,-0.0007082992673012045,-0.0016549937684495197,0.010940913160443405,-0.009763041825053276,True,True,True
TRENT,2453,105,56,0.5139107811785956,0.5247456611499411,0.5325893329290999,0.4298291977228644,0.4009394077494208,0.40097844109648545,0.26711164142344207,0.2673199008447518,0.2717451248724088,0.14534662731630993,0.14065766646282715,0.15303648085909508,0.010834879971345579,0.00784367177915879,-0.028889789973443603,3.903334706467643e-05,0.00020825942130975328,0.004425224027656993,-0.0046889608534827765,0.012378814396267923,True,True,True
IRCTC,1872,676,56,0.5214205463678433,0.5276069050770095,0.5320630015729506,0.42616005769162046,0.38830647840263727,0.4077148976634281,0.26858873366048386,0.270418666320129,0.2676059011857688,0.14902968154237217,0.1446043019544784,0.1523937401189996,0.006186358709166173,0.004456096495941142,-0.0378535792889832,0.019408419260790843,0.0018299326596451504,-0.0028127651343601845,-0.0044253795878937685,0.007789438164521184,True,True,True
TATACONSUM,2453,104,56,0.49646522858973935,0.5217634123236796,0.5309774073480774,0.43829998486498856,0.4150149348195065,0.446193259404538,0.2652045792953831,0.2707057636752931,0.26925953233619354,0.14145070645252927,0.16037733354459593,0.15879916063264224,0.02529818373394027,0.009213995024397792,-0.023285050045482036,0.031178324585031503,0.005501184379909985,-0.0014462313390995463,0.01892662709206666,-0.0015781729119536958,True,True,True
ONGC,2452,217,56,0.5333450774469913,0.5352343630402471,0.5307110450336615,0.3856519548036107,0.4106514095176107,0.39964586638137334,0.27156164450676334,0.27497555799101764,0.2731454497630982,0.1651405580496836,0.1635587167325414,0.1618864466691307,0.0018892855932557406,-0.004523318006585564,0.024999454714000002,-0.011005543136237361,0.003413913484254294,-0.001830108227919458,-0.0015818413171422019,-0.0016722700634106968,True,False,False
BOSCHLTD,2452,754,56,0.5119190321497894,0.5339635955653074,0.526999221547106,0.36505064100431434,0.41797154963179545,0.4175840039859592,0.26799028883712955,0.26787807865242713,0.26782938831257425,0.15557172971839664,0.15962231844628885,0.15793918172425597,0.02204456341551797,-0.00696437401820138,0.05292090862748111,-0.0003875456458362625,-0.0001122101847024215,-4.8690339852885955e-05,0.004050588727892213,-0.0016831367220328797,True,False,False
JSWSTEEL,2452,424,56,0.5493497348939508,0.5345202177530711,0.5268577229133149,0.4434067081206704,0.4594641199712139,0.4585082492779489,0.26825203994571273,0.27379453378196705,0.27096414557961535,0.15994168042345364,0.15020048835694766,0.14715165227246688,-0.014829517140879656,-0.007662494839756229,0.01605741185054349,-0.0009558706932649708,0.005542493836254325,-0.002830388202351708,-0.009741192066505977,-0.0030488360844807827,False,False,False
GODREJCP,2453,365,56,0.5091444199479571,0.5192040774410449,0.5235437970345994,0.39996631478542505,0.37663262961349125,0.39832483209690045,0.2673521263788004,0.2647903710584985,0.2692395768809867,0.14748562444075544,0.12783411239180903,0.15575205004985543,0.010059657493087792,0.004339719593554503,-0.023333685171933793,0.021692202483409195,-0.002561755320301895,0.0044492058224882,-0.019651512048946412,0.0279179376580464,True,True,True
JIOFIN,567,196,10,0.461579581667905,0.5348498367058687,0.5235116945563856,0.3403442150361481,0.2511205981134263,0.25169918843082256,0.2816460552995408,0.2832217030500722,0.2749761722356009,0.169659777952891,0.18416721666083458,0.17556011453459897,0.0732702550379637,-0.011338142149483144,-0.0892236169227218,0.0005785903173962659,0.0015756477505314281,-0.008245530814471325,0.014507438707943576,-0.00860710212623561,True,False,False
CHOLAFIN,2452,751,56,0.5410730207330225,0.5120710220036122,0.5233671985002079,0.4059895519892267,0.38494187977369976,0.3973419214412521,0.2666601996906364,0.2688249914488144,0.2660289204543349,0.14624498399442026,0.14947049059447348,0.1523860124520294,-0.02900199872941034,0.011296176496595645,-0.021047672215526947,0.01240004166755232,0.002164791758177964,-0.0027960709944794826,0.0032255066000532184,0.0029155218575559194,False,True,False
COALINDIA,2452,776,56,0.5214586103997407,0.4942497167315271,0.5225327581958477,0.44206821772454935,0.3843375550919031,0.41304768979678397,0.2623610724829707,0.2799261253777424,0.27640232158467154,0.13282440408106552,0.17628816057596913,0.17892581918768738,-0.027208893668213607,0.028283041464320535,-0.05773066263264626,0.028710134704880874,0.017565052894771727,-0.0035238037930708788,0.04346375649490361,0.0026376586117182466,False,True,False
SOLARINDS,2453,95,56,0.5331962121182426,0.5164407898910219,0.5216837725950946,0.4093247656201729,0.39555548971838767,0.3929562459813356,0.2746962441844367,0.2752647190445323,0.27558380668744126,0.15767343250246668,0.1654358146377395,0.16423510443888925,-0.016755422227220707,0.005242982704072641,-0.013769275901785227,-0.0025992437370520594,0.0005684748600955913,0.000319087642908944,0.007762382135272805,-0.0012007101988502356,False,True,False
TMPV,2453,154,56,0.5313775774972928,0.5275935278995469,0.5197153268989492,0.4122252765981632,0.39417919865358414,0.39746710714191563,0.26632183549012495,0.27645863772437473,0.2781519716242413,0.15219138348415862,0.16837493422742864,0.17335173244093705,-0.003784049597745809,-0.007878201000597773,-0.018046077944579075,0.0032879084883314924,0.010136802234249787,0.0016933338998665892,0.01618355074327002,0.00497679821350841,False,False,False
BAJAJ-AUTO,2452,777,56,0.5002336790726787,0.5135063040946416,0.5197093119256132,0.41508482437526023,0.3805541522852227,0.41792334321031177,0.2694121463519164,0.274708902772235,0.2729549150228691,0.15219592674300994,0.16782284568123143,0.1586048157582745,0.013272625021962914,0.0062030078309716075,-0.03453067209003752,0.03736919092508906,0.005296756420318571,-0.0017539877493658595,0.01562691893822149,-0.009218029922956922,True,True,True
BAJAJHLDNG,2452,433,56,0.504911379373557,0.5238986306478375,0.5195036049513226,0.432499787332457,0.4517221242774216,0.43301511215223704,0.2653402978640361,0.26113960124959634,0.2629694834970709,0.13987967386182382,0.13233906076713564,0.14486331302063513,0.01898725127428047,-0.004395025696514843,0.019222336944964613,-0.018707012125184552,-0.004200696614439781,0.0018298822474745458,-0.0075406130946881755,0.012524252253499485,True,False,False
SBILIFE,2021,74,46,0.5123330080989754,0.5150568349927599,0.5193648866804685,0.4087707054752009,0.45291287231274824,0.47805305162547124,0.2726786183370767,0.2752445241275928,0.27821880935465143,0.1538476772798419,0.15567433220220375,0.15862566184794827,0.0027238268937844756,0.004308051687708647,0.04414216683754735,0.025140179312723,0.002565905790516132,0.002974285227058615,0.0018266549223618644,0.002951329645744516,True,True,True
GAIL,2453,928,56,0.504941986841904,0.5318674912132225,0.5179897599420819,0.37827649932644025,0.40545907754263066,0.42473738150331986,0.27042287694425615,0.26225261134780153,0.2657649792470711,0.16159543793204723,0.13954025213580162,0.1449194780142778,0.026925504371318576,-0.01387773127114067,0.02718257821619041,0.01927830396068919,-0.008170265596454618,0.003512367899269564,-0.022055185796245602,0.005379225878476168,True,False,False
JSWENERGY,2452,376,56,0.49709878674502306,0.5199889063769633,0.5165569443872464,0.2941941669624623,0.34316067594059596,0.35275826155122275,0.2687821728903817,0.27102796580470206,0.2726485697820939,0.13194650373890698,0.15711700398616557,0.16457002978155696,0.02289011963194021,-0.0034319619897168474,0.04896650897813365,0.009597585610626791,0.002245792914320366,0.0016206039773918324,0.025170500247258587,0.007453025795391394,True,False,False
TCS,2453,167,56,0.5083450408742943,0.5207618083364731,0.516131048756469,0.42722255709920554,0.4006624437091227,0.4151574152669203,0.26463760036555245,0.26496119480664293,0.2728523050670229,0.1390314817742834,0.1369920659807285,0.14838072351740864,0.01241676746217879,-0.00463075958000414,-0.02656011339008285,0.014494971557797609,0.0003235944410904801,0.007891110260379974,-0.002039415793554905,0.011388657536680141,True,False,False
TATASTEEL,2453,137,56,0.5231676127102043,0.5209167740372533,0.5157225818666981,0.3888505875923613,0.4066610582066712,0.4208137839878726,0.2635566707900321,0.2667625865794426,0.27509988493969084,0.14577591560330988,0.14306279844537276,0.15645140393871806,-0.00225083867295095,-0.0051941921705552785,0.017810470614309903,0.014152725781201414,0.003205915789410485,0.008337298360248269,-0.0027131171579371227,0.013388605493345307,False,False,False
SHRIRAMFIN,2452,181,56,0.5133877910394193,0.5171416173266653,0.515309241551827,0.4190374917467597,0.4509973995034952,0.46458163744799164,0.27108054986015867,0.26588572850438696,0.2687805658704608,0.15660338558406034,0.13858379637459653,0.15470676272480718,0.003753826287245965,-0.0018323757748383018,0.03195990775673552,0.013584237944496425,-0.005194821355771706,0.0028948373660738214,-0.01801958920946381,0.016122966350210655,True,False,False
NHPC,2452,556,56,0.5509278524605443,0.523501098086111,0.5152478497193177,0.3264764644032839,0.3219203657167328,0.3021989628269342,0.2678252832262559,0.27815065341725925,0.2779643183432362,0.15930543216551699,0.17819997327801113,0.18059824225972512,-0.027426754374433315,-0.008253248366793309,-0.004556098686551047,-0.019721402889798623,0.01032537019100338,-0.0001863350740230474,0.01889454111249414,0.002398268981713997,False,False,False
BPCL,2452,909,56,0.47941293689313813,0.5130205202476595,0.5150078184235475,0.3733964962235376,0.3892856541300441,0.3982152925169456,0.27248142288626453,0.2752370134056039,0.27640818184813903,0.15231072152751812,0.16973722630768234,0.18077195105604846,0.03360758335452141,0.0019872981758879416,0.015889157906506524,0.008929638386901473,0.0027555905193393793,0.0011711684425351199,0.01742650478016422,0.011034724748366115,True,True,True
IRFC,1285,394,41,0.5154154635219318,0.5184679986660505,0.5146272340873426,0.33957455175373813,0.24439722826904606,0.27602149326410674,0.2730534434993704,0.2713545729254651,0.2722682994708546,0.16458310075824203,0.17795107071182076,0.17063724168211028,0.00305253514411874,-0.003840764578707967,-0.09517732348469207,0.031624264995060686,-0.0016988705739052756,0.0009137265453895149,0.013367969953578723,-0.007313829029710478,True,False,False
IOC,2453,681,56,0.4897325092864921,0.5080702935926196,0.5144569327456002,0.404898201337189,0.41551773389952285,0.4375655436951445,0.2748212803569741,0.2754111174913973,0.2748343975460298,0.16027087119687217,0.16560124626115838,0.16644943666116202,0.01833778430612748,0.006386639152980655,0.010619532562333833,0.022047809795621653,0.0005898371344231768,-0.0005767199453675098,0.0053303750642862135,0.00084819040000364,True,True,True
NAUKRI,2452,483,56,0.5279640647348817,0.5073908910192806,0.5141782432413724,0.3828528589542807,0.3516354798871654,0.3603925558425591,0.26432401947116063,0.27064722446063894,0.2695540832252691,0.14021566709332287,0.16245403470189965,0.15947271616042263,-0.02057317371560108,0.006787352222091814,-0.031217379067115247,0.008757075955393656,0.006323204989478304,-0.0010931412353698544,0.02223836760857678,-0.0029813185414770127,False,True,False
INFY,2452,540,56,0.511045891077914,0.5104029586837654,0.5136722172559965,0.4235550607310217,0.3984163141318745,0.42756775847681844,0.277019778174623,0.27417099292190183,0.2757178701513965,0.1654207922979054,0.16231985587761985,0.1696708052296422,-0.0006429323941485876,0.0032692585722311485,-0.02513874659914722,0.029151444344943933,-0.002848785252721142,0.0015468772294946476,-0.003100936420285555,0.007350949352022351,False,True,False
AMBUJACEM,2452,1094,56,0.5284874891252864,0.5369116400103441,0.5124807034674567,0.4659188475008139,0.47854088026873276,0.4658549947049667,0.268860596140746,0.2722316205472824,0.27139585707862496,0.15005703690994143,0.15441889569630277,0.16179762399682382,0.008424150885057657,-0.024430936542887416,0.012622032767918845,-0.012685885563766042,0.003371024406536416,-0.0008357634686574356,0.004361858786361333,0.0073787283005210536,True,False,False
ICICIGI,2025,1571,46,0.49198315715493385,0.49517893505971367,0.5123523407517293,0.38892913291175185,0.4048479816465224,0.4238202217483449,0.26881745054100287,0.2708890382377513,0.26951020570075285,0.1401311313526107,0.15251657211374925,0.15430588350294697,0.0031957779047798174,0.017173405692015642,0.015918848734770563,0.01897224010182247,0.0020715876967484226,-0.0013788325369984422,0.012385440761138539,0.0017893113891977175,True,True,True
DABUR,2452,671,56,0.5118036308945005,0.5094140954158244,0.5114607664199972,0.3912858841077611,0.40749095545481867,0.403155582516372,0.2643344296026724,0.2722805121832641,0.2710051629546078,0.13965114717618635,0.15739851080825515,0.15333803957515404,-0.0023895354786761525,0.002046671004172773,0.016205071347057565,-0.004335372938446658,0.007946082580591707,-0.0012753492286562973,0.017747363632068802,-0.004060471233101104,False,True,False
HINDALCO,2453,1206,56,0.5069998045497772,0.5064880191796605,0.5114022239815074,0.4436744453260104,0.4843867280876722,0.49130325041313716,0.26254278180630075,0.2669495517553871,0.26834669961291,0.13985359172088188,0.145257304911852,0.15967890892828604,-0.0005117853701167574,0.0049142048018469,0.04071228276166178,0.006916522325464969,0.004406769949086342,0.001397147857522929,0.005403713190970105,0.014421604016434053,False,True,False
SIEMENS,2453,81,56,0.5032576174685082,0.5228313331613791,0.5099141177005168,0.4297536018383484,0.44712965957344963,0.4456787812157646,0.2717953461820416,0.2764987763215133,0.27898715028100857,0.15648496871404677,0.16918066197063344,0.167534991636187,0.01957371569287092,-0.01291721546086233,0.017376057735101258,-0.001450878357685037,0.00470343013947172,0.002488373959495249,0.012695693256586676,-0.0016456703344464585,True,False,False
INDIGO,2452,677,56,0.5174706574154337,0.504718731191212,0.5098380248261428,0.4530522859750684,0.4918435608112886,0.48845641779895693,0.2700302107474787,0.2664239371178356,0.2690888785873272,0.15012438323619667,0.1445199089454006,0.15819090806322003,-0.012751926224221721,0.005119293634930799,0.03879127483622019,-0.0033871430123316726,-0.0036062736296431086,0.002664941469491644,-0.00560447429079608,0.013670999117819438,False,True,False
VEDL,2453,182,56,0.5349237200930131,0.5208781972493266,0.5096466465902927,0.4358738087041562,0.4263342712326343,0.4281758510351738,0.2820845840741204,0.2691675687435971,0.26953716752158857,0.17722415373267825,0.1541584611947814,0.150748650704606,-0.014045522843686542,-0.011231550659033918,-0.00953953747152192,0.001841579802539517,-0.012917015330523307,0.00036959877799147556,-0.023065692537896837,-0.0034098104901754134,False,False,False
HAVELLS,2453,772,56,0.4938075954480725,0.5190661212617228,0.509317547445249,0.421193462957819,0.46404650370507144,0.4374088377142838,0.2713220960394881,0.2660826338566795,0.2665104380662572,0.15499663243155098,0.14083883822369092,0.15570661095549568,0.02525852581365029,-0.00974857381647376,0.042853040747252436,-0.02663766599078765,-0.005239462182808574,0.00042780420957766463,-0.014157794207860064,0.014867772731804757,True,False,False
INDHOTEL,2453,1075,56,0.5207447666826884,0.5234241934531535,0.5087803663464585,0.4137041694573078,0.3891288135508405,0.42639242456607435,0.26594669166084045,0.2778019884205802,0.2738740197661954,0.15246412263633133,0.16995721356936144,0.16816110830642592,0.0026794267704650654,-0.014643827106694984,-0.02457535590646731,0.037263611015233844,0.01185529675973973,-0.0039279686543847725,0.017493090933030114,-0.0017961052629355267,True,False,False
APOLLOHOSP,2452,783,56,0.5269549258911216,0.5157374830987108,0.508631649486793,0.38493028977230487,0.39677336245692896,0.38396180938605823,0.25861448670970855,0.2678855610304501,0.2676820459072012,0.1274135583314075,0.15534372262730686,0.14921105656866493,-0.01121744279241077,-0.0071058336119178556,0.01184307268462409,-0.01281155307087073,0.009271074320741535,-0.00020351512324889853,0.027930164295899368,-0.0061326660586419335,False,False,False
AXISBANK,2452,2135,56,0.5221265842539683,0.5191481715415497,0.5085272628180202,0.41134781062061176,0.39531909420486416,0.42757357505430643,0.2751212060155099,0.2721816369014309,0.26730201120948943,0.16554975578093972,0.1538022136400403,0.15653728001173198,-0.00297841271241861,-0.010620908723529499,-0.0160287164157476,0.03225448084944227,-0.0029395691140789992,-0.004879625691941447,-0.01174754214089943,0.0027350663716916856,False,False,False
CANBK,2452,941,56,0.4720886383839066,0.5000533722070569,0.5084174859232816,0.4177821216863641,0.4339383259078036,0.4516552114949911,0.2709943084851866,0.27688698678580104,0.27431417773960687,0.16452430979413882,0.1591247863471516,0.16166592510328653,0.027964733823150345,0.008364113716224697,0.01615620422143954,0.01771688558718748,0.005892678300614462,-0.002572809046194169,-0.005399523446987214,0.002541138756134931,True,True,True
TATAPOWER,2453,114,56,0.5183948927355984,0.5192345988571464,0.5084048626850172,0.4449937737366697,0.42743977727698607,0.42430267285496276,0.2622607956510386,0.2705206602830156,0.2712060456179083,0.13705716876816135,0.1594448469458067,0.15181354277103415,0.000839706121548045,-0.010829736172129234,-0.01755399645968364,-0.003137104422023307,0.008259864631976976,0.0006853853348927075,0.022387678177645365,-0.007631304174772563,True,False,False
KOTAKBANK,2452,398,56,0.5075282444115076,0.5164794693882666,0.5078654415887384,0.4131380047614695,0.4202477422023931,0.44820683831197844,0.26371077072397153,0.26491947890008255,0.2683192441443749,0.1304987734926031,0.13760392100596727,0.1348421042696573,0.008951224976759042,-0.008614027799528245,0.00710973744092358,0.027959096109585357,0.0012087081761110174,0.003399765244292363,0.007105147513364163,-0.0027618167363099855,True,False,False
ADANIENSOL,2452,754,56,0.5176343982591928,0.5257595065711049,0.5077208043060589,0.3635862215426821,0.36279813226575885,0.3887038901112286,0.2705292001566147,0.2726162396332347,0.2686675238945107,0.16325200387928065,0.17121116027246522,0.16803205000535762,0.008125108311912155,-0.018038702265046003,-0.0007880892769232539,0.025905757845469723,0.002087039476620034,-0.003948715738724018,0.007959156393184563,-0.003179110267107599,True,False,False
ADANIENT,2452,1029,56,0.5097230089317734,0.5251869786963175,0.5076404078697978,0.4345256159409451,0.3988135264608533,0.424488425990015,0.27269635255832275,0.27634123664082955,0.276724525647462,0.17352181014649995,0.16718434485044362,0.17691867053440496,0.015463969764544117,-0.01754657082651967,-0.0357120894800918,0.025674899529161743,0.003644884082506794,0.0003832890066324812,-0.006337465296056333,0.009734325683961348,True,False,False
ADANIGREEN,1845,815,42,0.5093123640482234,0.49049718544417364,0.5073509343484803,0.4135999109311574,0.36400913347538233,0.37656177460476803,0.2788691326628133,0.2649670212947624,0.2657862646710212,0.18240014005775165,0.15036310767447242,0.16922462856838288,-0.018815178604049798,0.016853748904306687,-0.04959077745577506,0.0125526411293857,-0.013902111368050918,0.0008192433762587714,-0.032037032383279235,0.018861520893910466,False,True,False
SHREECEM,2452,102,56,0.5240374175326018,0.5098510282902412,0.5071716662676826,0.4473488399029219,0.39577005860011244,0.380850816394127,0.2662749473770865,0.27158442314727405,0.27268625293748844,0.1543882583689664,0.16301039159137215,0.16589602605914325,-0.014186389242360598,-0.0026793620225585846,-0.05157878130280946,-0.01491924220598545,0.005309475770187533,0.0011018297902143925,0.008622133222405737,0.0028856344677710977,False,False,False
PIDILITIND,2452,407,56,0.512623860470221,0.5132650055193501,0.5070894374433302,0.4291875583657598,0.4832107955526754,0.47353765065783593,0.26780641012243334,0.27137533615722914,0.2708217524689688,0.15084474068304524,0.1432500413995838,0.15321727652947606,0.0006411450491290438,-0.006175568076019822,0.054023237186915596,-0.009673144894839447,0.003568926034795805,-0.0005535836882603618,-0.007594699283461431,0.009967235129892255,True,False,False
VBL,2246,86,51,0.498509081800113,0.5133812089501869,0.5070170563963758,0.39819892649017974,0.38199496426419305,0.40038851888172294,0.2679558310663442,0.2742469687878493,0.2773828435681944,0.1326217615016338,0.1430810211684224,0.16030840270775082,0.01487212715007391,-0.006364152553811064,-0.01620396222598669,0.018393554617529895,0.006291137721505136,0.003135874780345105,0.010459259666788595,0.01722738153932843,True,False,False
DLF,2452,774,56,0.49180569957816844,0.48654252516724306,0.5064359422621418,0.4523728717504448,0.48127916220250416,0.5314240958748693,0.2716659638334966,0.2763361940387043,0.2711071708665541,0.15666645105140015,0.16082271289827396,0.15841107400041035,-0.005263174410925386,0.01989341709489878,0.028906290452059336,0.05014493367236511,0.004670230205207682,-0.005229023172150182,0.0041562618468738155,-0.0024116388978636105,False,True,False
DMART,2154,602,49,0.5118659451989671,0.5078222777441441,0.5060014915528637,0.37057410352607884,0.3719768565127634,0.3997987219682181,0.2777686567708221,0.27852390073331984,0.2736780933461988,0.1702494773588576,0.17121667500176477,0.1727950284467569,-0.004043667454822986,-0.0018207861912804546,0.0014027529866845745,0.027821865455454675,0.0007552439624977647,-0.004845807387121037,0.0009671976429071749,0.001578353444992131,False,False,False
RELIANCE,2452,143,56,0.5016033776642431,0.495453548364908,0.5060003450772773,0.4085410872574777,0.4075316214753219,0.4460722421094073,0.2797804195458254,0.27234765193276445,0.2704976907635406,0.16958418538995332,0.1609426260260999,0.1498864405527735,-0.006149829299335108,0.0105467967123693,-0.0010094657821557718,0.03854062063408542,-0.007432767613060942,-0.0018499611692238682,-0.008641559363853413,-0.011056185473326402,False,True,False
HINDUNILVR,2453,293,56,0.5189739794625864,0.506772554037729,0.5056496857858038,0.39883266860152095,0.37779577201314557,0.386935868430666,0.26552779403183663,0.26515406950037895,0.2679202798872135,0.14286274051066616,0.14048188810030754,0.1430123052393763,-0.01220142542485736,-0.001122868251925202,-0.021036896588375376,0.009140096417520449,-0.00037372453145767537,0.0027662103868345556,-0.002380852410358625,0.0025304171390687635,False,False,False
ATGL,1751,421,39,0.5389316781139868,0.4981698092259842,0.5055431849021969,0.3591936220209269,0.32649758248425176,0.3447375510487908,0.2709792756531066,0.27202893349457835,0.2664821471472701,0.175669290264807,0.158360229466028,0.1689491038090162,-0.040761868888002595,0.007373375676212657,-0.03269603953667516,0.018239968564539022,0.0010496578414717628,-0.0055467863473082635,-0.017309060798778975,0.010588874342988192,False,True,False
ASIANPAINT,2452,1074,56,0.5261547781918366,0.5113147903984087,0.5054246459177318,0.39518843546751403,0.39220252848715326,0.4137523267118866,0.2730839246056528,0.2778353388066299,0.27165368221203623,0.1714258214660941,0.16159695899151907,0.16230793957650494,-0.014839987793427989,-0.005890144480676818,-0.002985906980360775,0.021549798224733352,0.004751414200977133,-0.0061816565945936874,-0.00982886247457504,0.0007109805849858652,False,False,False
PNB,2452,256,56,0.4981182515597539,0.5052607565674057,0.5051536330578715,0.3535937126215393,0.39293782168231406,0.39776617707985423,0.2639047362987871,0.26544286643722464,0.27089215269148215,0.14094933720138,0.1409058941914898,0.16104738308799035,0.007142505007651734,-0.00010712350953412386,0.039344109060774735,0.004828355397540174,0.0015381301384375656,0.005449286254257502,-4.344300989020389e-05,0.020141488896500553,True,False,False
GRASIM,2453,1338,56,0.48340391207557093,0.513919348275209,0.5045105155690823,0.41443154243794683,0.44569098833595777,0.4342263313821522,0.26753989218295493,0.26317518716479055,0.264977471989672,0.14334850901764712,0.13487285637712843,0.14469875148021924,0.03051543619963809,-0.00940883270612669,0.03125944589801094,-0.011464656953805552,-0.004364705018164383,0.0018022848248814283,-0.008475652640518694,0.009825895103090815,True,False,False
HINDZINC,2453,689,56,0.49082921034435134,0.4997967688631154,0.5041644928514496,0.38705409656805906,0.42911228129449924,0.44566960705382813,0.27511686846009425,0.2765517851301217,0.27580268107228656,0.15928542824752148,0.16766405408856744,0.16976749110941028,0.008967558518764074,0.004367723988334182,0.042058184726440184,0.01655732575932889,0.0014349166700274307,-0.000749104057835126,0.008378625841045956,0.002103437020842841,True,True,True
BEL,2452,637,56,0.5115870749055045,0.5098208130062172,0.5038378085314118,0.33386115810817224,0.40204576782452117,0.4085399609623984,0.2674805560914589,0.26461426921506004,0.2668177731296554,0.14516744119486466,0.1371491027857065,0.14610458393772147,-0.0017662618992873025,-0.005983004474805376,0.06818460971634893,0.006494193137877247,-0.002866286876398838,0.0022035039145953395,-0.008018338409158166,0.008955481152014971,False,False,False
MOTHERSON,2452,919,56,0.512870760147147,0.49048229091005957,0.5033556210576812,0.42200456904894823,0.4296325123572996,0.4203243131198043,0.2683766720615585,0.267585668548654,0.26587223960939216,0.15102393892292115,0.1476269830201346,0.15088568055231097,-0.022388469237087483,0.012873330147621598,0.00762794330835137,-0.009308199237495318,-0.000791003512904509,-0.0017134289392618518,-0.003396955902786547,0.0032586975321763634,False,True,False
PFC,2452,193,56,0.49933749181332326,0.5067181662710405,0.5017469644922262,0.4275378305270913,0.4138737435500997,0.4303236465122112,0.27248133569647454,0.2736461088621742,0.27444041969121846,0.16026616771554666,0.1680494469049639,0.16230315085603303,0.007380674457717229,-0.0049712017788142715,-0.013664086976991618,0.016449902962111518,0.001164773165699684,0.0007943108290442424,0.007783279189417236,-0.005746296048930871,True,False,False
DRREDDY,2452,1051,56,0.5128366890637431,0.5046792318496787,0.5012658867909754,0.3952420762518066,0.42211344294958714,0.3933264769102444,0.2721763697114682,0.2763459829511702,0.27450850364753837,0.154636384252191,0.15740934963524733,0.1589829787210654,-0.008157457214064467,-0.0034133450587032765,0.026871366697780563,-0.02878696603934272,0.004169613239701997,-0.001837479303631817,0.002772965383056325,0.001573629085818068,False,False,False
SUNPHARMA,2453,108,56,0.5182769890850197,0.5022058252433154,0.500992520246403,0.40174324560985525,0.38920282224596214,0.4350108698199079,0.2701530896760105,0.27495094925459734,0.2698082930780196,0.1569869134802895,0.1630630151025914,0.14985549568456016,-0.016071163841704372,-0.0012133049969124121,-0.012540423363893105,0.04580804757394574,0.0047978595785868605,-0.00514265617657772,0.006076101622301905,-0.01320751941803125,False,False,False
NESTLEIND,2452,292,56,0.48781506514612627,0.5091770256182789,0.5007854378272094,0.3999026824273579,0.38419243167812744,0.3779361869384768,0.27107223346627174,0.27116230129226276,0.2711014075502387,0.15027957928048358,0.1544945437411566,0.15245624319988277,0.021361960472152663,-0.008391587791069521,-0.015710250749230437,-0.00625624473965064,9.006782599102481e-05,-6.0893742024059616e-05,0.004214964460673015,-0.002038300541273824,True,False,False
CIPLA,2452,1212,56,0.4738212434569224,0.5172193514222749,0.500466798969303,0.3384048031057024,0.3626501870566098,0.3664303062896221,0.2660430655352727,0.26075527001642634,0.26507944671180855,0.13490645017017502,0.13593461096310824,0.1460453943593522,0.04339810796535254,-0.016752552452971914,0.024245383950907362,0.0037801192330123023,-0.005287795518846339,0.004324176695382209,0.0010281607929332193,0.010110783396243966,True,False,False
BHARTIARTL,2452,412,56,0.5191272600501594,0.5084322185670417,0.49967472265114704,0.38790336450676477,0.42176146215429383,0.450543621437616,0.2702028830685011,0.27702130091933,0.2809964801453704,0.14722334974206966,0.16767415388479545,0.17192304334297748,-0.010695041483117729,-0.008757495915894642,0.03385809764752906,0.028782159283322173,0.006818417850828928,0.0039751792260403485,0.020450804142725793,0.004248889458182026,False,False,False
HEROMOTOCO,2452,1456,56,0.4982966295492674,0.5122542854162264,0.49963476522009714,0.4030075069822013,0.37802375000345806,0.36288880496502973,0.27464364382085643,0.28310411664024554,0.2749350135421542,0.169449571207608,0.18389751273207744,0.17605024040260103,0.013957655866959018,-0.012619520196129275,-0.02498375697874322,-0.015134945038428327,0.008460472819389109,-0.008169103098091324,0.014447941524469432,-0.007847272329476407,True,False,False
HDFCLIFE,1990,692,45,0.4917003602707652,0.4894630505384111,0.4995338413928239,0.42479613985742587,0.388269689883273,0.42559149309939837,0.2784919758999021,0.2719539064855698,0.268293804319733,0.1608292760185949,0.16058573837165652,0.15475938031605482,-0.002237309732354087,0.010070790854412814,-0.036526449974152886,0.03732180321612538,-0.006538069414332326,-0.003660102165836787,-0.00024353764693837987,-0.005826358055601694,False,True,False
ADANIPOWER,2452,640,56,0.5117715973936313,0.4925926116872364,0.49938692076171126,0.298580186989523,0.2628163697295788,0.2806406631456509,0.27128281164484985,0.27397233236665514,0.27172871164289913,0.16137716026300292,0.16038557414901347,0.16098906526857518,-0.019178985706394924,0.006794309074474869,-0.03576381725994421,0.017824293416072112,0.002689520721805283,-0.0022436207237560013,-0.0009915861139894455,0.0006034911195617054,False,True,False
JINDALSTEL,2452,258,56,0.5116359565590834,0.5086809591492382,0.49899303416051766,0.45822480433785634,0.41614856071175577,0.41722875349806227,0.27329134091868695,0.2752306066089152,0.27531580530103167,0.16715086255975573,0.1673460130772065,0.16314468898620696,-0.0029549974098452836,-0.009687924988720509,-0.04207624362610057,0.0010801927863064997,0.0019392656902282313,8.519869211648379e-05,0.0001951505174507817,-0.0042013240909995475,False,False,False
LTIM,2317,372,53,0.49068142185922653,0.5002102617729108,0.49863822491243703,0.43261384698098765,0.43240148240175164,0.40449709965219033,0.27074440670975686,0.27377380233888415,0.2764992027633522,0.15323553170060636,0.1655098271102981,0.17087831413203944,0.009528839913684306,-0.0015720368604738022,-0.00021236457923601293,-0.027904382749561307,0.003029395629127296,0.0027254004244680607,0.012274295409691743,0.005368487021741336,True,False,False
ADANIPORTS,2452,596,56,0.5174518658406672,0.5078045646827697,0.49820088705124743,0.4779104908151802,0.4335699231053661,0.40877725138338505,0.26526752345725446,0.2738699349233795,0.2764084220124809,0.1438841294412028,0.1603218346401116,0.17604480160934832,-0.00964730115789747,-0.009603677631522256,-0.04434056770981415,-0.02479267172198102,0.00860241146612506,0.002538487089101371,0.016437705198908803,0.015722966969236724,False,False,False
LT,2452,832,56,0.4976712289835921,0.48854025154721054,0.49819612641280264,0.38942905975510095,0.33909679814697036,0.3541455181083246,0.2713398132128987,0.26973697743460406,0.27227264127295275,0.15078901523849667,0.1424405384304461,0.16060143476649252,-0.009130977436381582,0.009655874865592107,-0.05033226160813059,0.015048719961354262,-0.00160283577829462,0.0025356638383486896,-0.008348476808050564,0.018160896336046423,False,True,False
TVSMOTOR,2453,131,56,0.5198871974822901,0.504007809852029,0.4978866371120406,0.3765183440979164,0.4059355161228019,0.4051689700226221,0.2739269289527861,0.2701495102695506,0.26989552791850496,0.16646124691419278,0.15248266996300344,0.16291237759577562,-0.015879387630261088,-0.006121172739988356,0.029417172024885474,-0.000766546100179788,-0.0037774186832355006,-0.00025398235104562294,-0.013978576951189342,0.010429707632772178,False,False,False
LODHA,1148,498,24,0.5339223587932599,0.48825676214573077,0.49726479523364847,0.39097151088250076,0.3814568801329757,0.39066623657168,0.268579784460841,0.2563334576192309,0.2631184000350461,0.16152878052386924,0.12032067579930895,0.15982325831841884,-0.045665596647529116,0.0090080330879177,-0.009514630749525077,0.009209356438704297,-0.012246326841610145,0.006784942415815232,-0.04120810472456028,0.03950258251910989,False,True,False
BAJAJFINSV,2452,610,56,0.5042544517087564,0.49931942696398607,0.4969852544108989,0.40388112204745735,0.4062745319083219,0.3833411838355087,0.27745396306651027,0.2760383518577013,0.2807324262134324,0.16856915448817425,0.1496660018716243,0.16714710513676673,-0.004935024744770311,-0.002334172553087155,0.0023934098608645593,-0.02293334807281322,-0.0014156112088089534,0.004694074355731104,-0.018903152616549956,0.017481103265142434,False,False,False
NTPC,2452,485,56,0.5230281974254272,0.50275227147119,0.4956057402979752,0.3488789612408136,0.35852434920897747,0.3429132729489862,0.275929391016227,0.2704351494892808,0.26887329603983884,0.16556327625353034,0.1515595490253768,0.14342925268289886,-0.020275925954237217,-0.007146531173214732,0.009645387968163888,-0.015611076259991252,-0.005494241526946164,-0.0015618534494419856,-0.014003727228153545,-0.008130296342477944,False,False,False
HDFCBANK,2453,1701,56,0.4970061027583649,0.5079878080080142,0.49514963350106916,0.4629123744138874,0.4578495444089422,0.4837973960855857,0.2709428888202969,0.27244448691679857,0.27334609211389393,0.15036557400882744,0.16408401135232262,0.16384273683585787,0.010981705249649365,-0.012838174506945077,-0.0050628300049451735,0.025947851676643485,0.0015015980965016884,0.0009016051970953676,0.013718437343495177,-0.00024127451646474563,True,False,False
EICHERMOT,2452,1526,56,0.5148844598086713,0.4935624931249798,0.49476737626356027,0.3925748910721,0.38868399092896483,0.3858774334713315,0.26226947423994584,0.2800847585983415,0.2755073760745578,0.13571859662674404,0.17214294713952077,0.16536873032688643,-0.021321966683691462,0.0012048831385804704,-0.0038909001431351453,-0.0028065574576333074,0.017815284358395633,-0.004577382523783702,0.03642435051277673,-0.006774216812634348,False,True,False
DIVISLAB,2452,402,56,0.4997844788497313,0.4859352971237582,0.49407137700279646,0.44331631437920177,0.473406789535484,0.4615030301235291,0.27191399636169805,0.2689773592609687,0.2708159667175827,0.14067730693340286,0.14378652624307994,0.15540702397990472,-0.013849181725973103,0.00813607987903825,0.030090475156282215,-0.011903759411954873,-0.0029366371007293335,0.001838607456613961,0.003109219309677086,0.011620497736824775,False,True,False
MARUTI,2452,789,56,0.5101639914620029,0.5135734843297547,0.49326229560887097,0.38500583149768175,0.3746491971286903,0.39054160907471847,0.2728105705383194,0.2781258507127166,0.2756202393389115,0.15814402269052805,0.16597095309227555,0.16546811188725538,0.003409492867751829,-0.02031118872088372,-0.010356634368991424,0.01589241194602814,0.005315280174397197,-0.0025056113738051167,0.007826930401747506,-0.0005028412050201714,True,False,False
ABB,2452,697,56,0.5011005904121975,0.49992039255278603,0.4931620913251473,0.36837061701925755,0.34100964603283374,0.3552600292583578,0.2745010664309244,0.27526056774121194,0.2712041331663991,0.1734260261781974,0.16836989357677995,0.1716212362890652,-0.0011801978594114249,-0.006758301227638708,-0.027360970986423816,0.014250383225524077,0.0007595013102875137,-0.004056434574812862,-0.005056132601417462,0.003251342712285249,False,False,False
TECHM,2453,138,56,0.5192316056376833,0.4919029799800217,0.491221488148875,0.4541223562347036,0.48072595277060853,0.4809172741147033,0.2664695939635114,0.27464087061205705,0.27324349171415274,0.13981611645018624,0.1633478430276909,0.1584262648986834,-0.027328625657661643,-0.0006814918311466855,0.02660359653590494,0.00019132134409477475,0.008171276648545667,-0.0013973788979043111,0.023531726577504658,-0.004921578129007509,False,False,False
BRITANNIA,2452,595,56,0.5020295099639941,0.49694853366243336,0.49027139979959905,0.41923957974739967,0.430839581287535,0.43477852191095206,0.2693110008565986,0.26821116163172976,0.27407176865580896,0.1498400862700366,0.14877911565199112,0.1717491391457724,-0.005080976301560736,-0.006677133862834306,0.011600001540135352,0.003938940623417042,-0.0010998392248688371,0.005860607024079201,-0.0010609706180454703,0.022970023493781272,False,False,False
SBIN,2453,150,56,0.510207981332732,0.4979701568825951,0.48996471574911293,0.4172732939725211,0.42845012026111445,0.4374334205657081,0.26414832141364314,0.26136689651389744,0.26806373838876457,0.13344744871640407,0.12141848144402191,0.1463348552857908,-0.012237824450136936,-0.008005441133482172,0.011176826288593344,0.008983300304593655,-0.002781424899745699,0.006696841874867132,-0.01202896727238216,0.024916373841768882,False,False,False
TITAN,2453,118,56,0.5142979456562006,0.489938838701041,0.4886910260967248,0.46300992275750313,0.45747346473497325,0.44148140287034515,0.2698274766923442,0.27269373577243466,0.278244619903654,0.14791777687015753,0.15555405149656115,0.1619587687519806,-0.024359106955159582,-0.0012478126043161675,-0.005536458022529889,-0.015992061864628093,0.002866259080090472,0.005550884131219347,0.007636274626403622,0.00640471725541944,False,False,False
HAL,1901,595,43,0.5001717183953461,0.4699160546250701,0.4881352871256637,0.3709180376531443,0.4126594146815389,0.4276012098346368,0.27357596972633547,0.274956206171963,0.26993260870936997,0.16657649659389848,0.16262974347629228,0.1629143546123308,-0.030255663770276053,0.018219232500593596,0.04174137702839459,0.014941795153097903,0.001380236445627514,-0.00502359746259301,-0.0039467531176062,0.0002846111360385317,False,True,False
ICICIBANK,2453,3149,56,0.48480267294418605,0.48752206932800846,0.48654259335382877,0.40445240367744867,0.39939877925681866,0.43478575533695796,0.2643065746973429,0.26649655643704867,0.26206952126079475,0.13667827758262543,0.13599648010014623,0.13545075430941297,0.0027193963838224033,-0.0009794759741796888,-0.00505362442063001,0.0353869760801393,0.0021899817397057486,-0.004427035176253924,-0.0006817974824792072,-0.0005457257907332536,True,False,False
TORNTPHARM,2453,109,56,0.4971431995468395,0.47855995455272743,0.48501458328047675,0.43134940466856364,0.4316100145087973,0.41128683539028277,0.26685672422091306,0.26900712073938315,0.2754028346693223,0.13524249766531998,0.13865195845122028,0.15332349943637694,-0.01858324499411207,0.006454628727749323,0.00026060984023368317,-0.020323179118514556,0.002150396518470099,0.006395713929939151,0.0034094607859002923,0.014671540985156661,False,True,False
ICICIPRULI,2270,1228,52,0.5200347406916014,0.48959408332436183,0.48087489816101275,0.33357776063092104,0.3626596289983547,0.36984722387179103,0.27139830452686176,0.27891606167331956,0.2778133595320677,0.13956054264967907,0.16255049257984597,0.16979876480079806,-0.030440657367239554,-0.008719185163349075,0.02908186836743365,0.007187594873436343,0.007517757146457804,-0.0011027021412518545,0.022989949930166897,0.00724827222095209,False,False,False
HCLTECH,2453,877,56,0.4985952460276219,0.481746319100917,0.4805683180751133,0.49205449060721473,0.4877999105007749,0.4833094001730619,0.2672091027662451,0.27320912911640777,0.2711734890368748,0.14083684087071102,0.15008371320758898,0.14448816245169954,-0.01684892692670492,-0.0011780010258036766,-0.004254580106439809,-0.0044905103277130265,0.006000026350162668,-0.002035640079532941,0.00924687233687796,-0.005595550755889439,False,False,False
BANKBARODA,2452,1120,56,0.48433849261753614,0.48133610011952843,0.47810294018894794,0.39365537672488354,0.40313962775481177,0.41562999880803103,0.26891627773524385,0.2743826666612898,0.2762917166006226,0.14600288035682468,0.15312518647135856,0.15976086149743235,-0.003002392498007711,-0.003233159930580487,0.009484251029928226,0.012490371053219262,0.005466388926045951,0.0019090499393328297,0.007122306114533877,0.0066356750260737896,False,False,False
INDUSINDBK,2452,2527,56,0.5187661055452999,0.5003332022688699,0.4777040882720557,0.39078218697608047,0.39424093615954675,0.4005511656882882,0.2661919100806834,0.26918795572257975,0.2708346748827993,0.15247589991809335,0.14475270316808095,0.14992216061857125,-0.01843290327642999,-0.02262911399681422,0.003458749183466281,0.00631022952874144,0.002996045641896372,0.001646719160219523,-0.007723196750012401,0.0051694574504903,False,False,False
BAJFINANCE,2452,922,56,0.49537506843921847,0.4901313709929564,0.47718404872411224,0.35169700189601233,0.35947409679820513,0.36990034625277973,0.27107089205593243,0.2753192042497625,0.2774678216628464,0.14541569804040802,0.1583510360414877,0.16367016339097104,-0.0052436974462620745,-0.012947322268844152,0.007777094902192805,0.010426249454574599,0.0042483121938300394,0.0021486174130839197,0.012935338001079683,0.005319127349483338,False,False,False
LICI,881,538,18,0.4985765819378059,0.491287050204247,0.46571455855947963,0.32932008686519837,0.4180824750606006,0.4328977369361734,0.27630763194980507,0.2674881293893737,0.27373438364663005,0.16568774947781234,0.1211789050132591,0.16247181233568095,-0.007289531733558896,-0.02557249164476738,0.08876238819540222,0.014815261875572805,-0.008819502560431347,0.006246254257256334,-0.044508844464553235,0.04129290732242184,False,False,False
RECLTD,2452,108,56,0.5095351720944122,0.48199714269066446,0.46215938149135033,0.4311624629207443,0.42161150313823487,0.4165577429355355,0.2677726983390688,0.27839598594459697,0.28626312940549575,0.14652021412890218,0.16154985416652387,0.17993930519924686,-0.027538029403747777,-0.01983776119931413,-0.009550959782509416,-0.0050537602026993755,0.010623287605528164,0.007867143460898784,0.015029640037621694,0.018389451032722992,False,False,False
HYUNDAI,283,159,3,0.6359939199851481,0.41402696556205326,0.40347976422537823,0.6608172116646692,0.3189393939393939,0.40496089931573803,0.2535532847286707,0.29459616107217024,0.28661107963455756,0.13507754939756403,0.23871541901537108,0.21683678419623945,-0.22196695442309483,-0.010547201336675027,-0.3418778177252753,0.08602150537634412,0.04104287634349951,-0.007985081437612673,0.10363786961780705,-0.02187863481913163,False,False,False
