symbol,n_days,n_filing,roc_auc_lm1n_all,pr_auc_lm1n_all,f1_lm1n_all,brier_lm1n_all,ece_lm1n_all,roc_auc_lm1n_filing,pr_auc_lm1n_filing,f1_lm1n_filing,brier_lm1n_filing,ece_lm1n_filing,roc_auc_lm2v_all,pr_auc_lm2v_all,f1_lm2v_all,brier_lm2v_all,ece_lm2v_all,roc_auc_lm2v_filing,pr_auc_lm2v_filing,f1_lm2v_filing,brier_lm2v_filing,ece_lm2v_filing,roc_auc_lm3t_all,pr_auc_lm3t_all,f1_lm3t_all,brier_lm3t_all,ece_lm3t_all,roc_auc_lm3t_filing,pr_auc_lm3t_filing,f1_lm3t_filing,brier_lm3t_filing,ece_lm3t_filing,roc_auc_gm1n_all,pr_auc_gm1n_all,f1_gm1n_all,brier_gm1n_all,ece_gm1n_all,roc_auc_gm1n_filing,pr_auc_gm1n_filing,f1_gm1n_filing,brier_gm1n_filing,ece_gm1n_filing,roc_auc_gm2v_all,pr_auc_gm2v_all,f1_gm2v_all,brier_gm2v_all,ece_gm2v_all,roc_auc_gm2v_filing,pr_auc_gm2v_filing,f1_gm2v_filing,brier_gm2v_filing,ece_gm2v_filing,roc_auc_gm3t_all,pr_auc_gm3t_all,f1_gm3t_all,brier_gm3t_all,ece_gm3t_all,roc_auc_gm3t_filing,pr_auc_gm3t_filing,f1_gm3t_filing,brier_gm3t_filing,ece_gm3t_filing,roc_auc_le12_all,pr_auc_le12_all,f1_le12_all,brier_le12_all,ece_le12_all,roc_auc_le12_filing,pr_auc_le12_filing,f1_le12_filing,brier_le12_filing,ece_le12_filing,roc_auc_le3_all,pr_auc_le3_all,f1_le3_all,brier_le3_all,ece_le3_all,roc_auc_le3_filing,pr_auc_le3_filing,f1_le3_filing,brier_le3_filing,ece_le3_filing,roc_auc_ge12_all,pr_auc_ge12_all,f1_ge12_all,brier_ge12_all,ece_ge12_all,roc_auc_ge12_filing,pr_auc_ge12_filing,f1_ge12_filing,brier_ge12_filing,ece_ge12_filing,roc_auc_ge3_all,pr_auc_ge3_all,f1_ge3_all,brier_ge3_all,ece_ge3_all,roc_auc_ge3_filing,pr_auc_ge3_filing,f1_ge3_filing,brier_ge3_filing,ece_ge3_filing,roc_auc_lt12_all,pr_auc_lt12_all,f1_lt12_all,brier_lt12_all,ece_lt12_all,roc_auc_lt12_filing,pr_auc_lt12_filing,f1_lt12_filing,brier_lt12_filing,ece_lt12_filing,roc_auc_lt3_all,pr_auc_lt3_all,f1_lt3_all,brier_lt3_all,ece_lt3_all,roc_auc_lt3_filing,pr_auc_lt3_filing,f1_lt3_filing,brier_lt3_filing,ece_lt3_filing,roc_auc_cx_all,pr_auc_cx_all,f1_cx_all,brier_cx_all,ece_cx_all,roc_auc_cx_filing,pr_auc_cx_filing,f1_cx_filing,brier_cx_filing,ece_cx_filing
ABB,462,97,0.5238782691796093,0.5473531368743144,0.21460462629118343,0.2805436265852467,0.18821373497767743,0.5529100529100529,0.4843434343434343,0.0,0.23322538747967153,0.181603136529419,0.4981428187505867,0.5359391199760916,0.4206650941916835,0.2815879828495295,0.1776226959254616,0.43915343915343913,0.31706349206349205,0.14285714285714285,0.2380876944742548,0.21724592850475682,0.5124730901028135,0.5418534311572357,0.3104318663318616,0.2865923696094417,0.20328955222852477,0.6058201058201058,0.6065656565656565,0.16666666666666666,0.2890564631976106,0.2949206197481402,0.5035651733033919,0.5097608214781358,0.36890758567311377,0.29200901878573376,0.1891970675811549,0.5357142857142857,0.32222222222222224,0.2222222222222222,0.24838901028232335,0.2536001393650348,0.49235272064241287,0.5078782111782221,0.38911194902556046,0.29693218760478873,0.19363841639897011,0.5489417989417988,0.5166666666666666,0.39285714285714285,0.22258819736462404,0.23911326254582113,0.4440744596422411,0.49645264967660924,0.35229634812129146,0.2880510801878953,0.18648490881107074,0.4735449735449735,0.2916666666666667,0.15384615384615385,0.2490605027500759,0.2203018966186207,0.5122815550981543,0.5533208008334822,0.3998881724886393,0.2752356664838656,0.18653312854032,0.5079365079365079,0.33632756132756136,0.45,0.2701022222273075,0.2690028990613818,0.5081334132006778,0.5664141120369879,0.39889374020712604,0.2808759951572287,0.1759371890284944,0.6296296296296295,0.6555555555555554,0.2222222222222222,0.2452262280346806,0.2196523098038624,0.48763041286372694,0.5048273953289715,0.415286982612564,0.288599277937843,0.1842976745841198,0.4920634920634921,0.33611111111111114,0.4222222222222222,0.250563629414418,0.2587003860238192,0.4644275228727991,0.495590243225984,0.3360755273905894,0.30320419749981653,0.2185278170178607,0.5555555555555556,0.3027777777777778,0.2222222222222222,0.24746817168962548,0.22023112321985058,0.505326548160451,0.5488735761394419,0.3469592403080087,0.2797028557107374,0.2002321833986756,0.43915343915343913,0.31706349206349205,0.14285714285714285,0.2383145641122633,0.22096060946844395,0.49754332027246223,0.5504027034794452,0.314682265657059,0.2702445083431984,0.14389473511967585,0.4576719576719576,0.4160714285714286,0.21428571428571427,0.24985679319635606,0.22144598955335607,0.49825701839174474,0.5311443467339483,0.3293107676661082,0.273076360025833,0.16468735208182386,0.45238095238095233,0.430952380952381,0.2857142857142857,0.23982060053805965,0.2072317846158485
ADANIENSOL,462,147,0.5446641901222655,0.5884080320949624,0.3853677281879771,0.2863148535961297,0.2023559477658773,0.5119497053872053,0.592881057955781,0.4244476158761873,0.2971289362692043,0.30334064324209736,0.5156184583562292,0.5585933576985787,0.3843764726767072,0.2710751473560432,0.15730205484259796,0.4588744711448793,0.5668969098879286,0.4317024655632044,0.2731346267357418,0.21454761112091741,0.49962665879394474,0.5610100244783293,0.3533165663437819,0.2627364661403217,0.13317314777160164,0.5545064039324242,0.6353804203629133,0.44557937885005544,0.26309572802355036,0.1732787933152924,0.5393561318750432,0.5557536532335497,0.3561085505681009,0.27153102343187474,0.17180671149343066,0.5117972454133168,0.5549278107293969,0.38585759269969794,0.26695911608587863,0.22394078982519836,0.49676697632623856,0.535287931608078,0.41354076862548905,0.27420363027796313,0.1710701449256198,0.4919188974291015,0.5408063295630493,0.4022718801666169,0.2749338882499817,0.17811660982099634,0.478663031700364,0.512820955272423,0.34688187449915175,0.2815447816384874,0.18351085058889952,0.45192269819183084,0.5047465545331534,0.381881055452484,0.2780013339843319,0.2047313836005608,0.5232162208353126,0.5606771107503052,0.4093777087679506,0.3004171444501954,0.20231932142506376,0.4813421999391386,0.5815538355239236,0.47770943342371913,0.30190854199327966,0.27044702635547757,0.5588349830433681,0.5899914217158436,0.35812793759497824,0.29366804972215566,0.1852424592930764,0.5364762512147717,0.6260397209860746,0.42624656880295975,0.28623471439534187,0.22799116105241984,0.5242108968822332,0.5476753794725808,0.3848909957916945,0.27071314711990035,0.164561617053616,0.4808793765522082,0.5469313661524164,0.38405569785269034,0.2684793734199298,0.1933503392353108,0.49525509441682036,0.5424453360335157,0.2997214117351417,0.2703187953975084,0.17585698216619683,0.5078235464459955,0.549323258077487,0.3010048931853443,0.2646196180255237,0.17400509707162184,0.5486403859966811,0.5838053193295244,0.38372334445814993,0.2860013041784279,0.20455705502247057,0.5031245183859979,0.5826215280365165,0.3779156697644092,0.2991381694651308,0.26865731753411964,0.514065875820468,0.5655647310270755,0.28150475347351,0.2615847357872693,0.13105582950562802,0.5243252189043005,0.593661785026274,0.2982365253793825,0.2628594926467208,0.14980323007092003,0.4999683293944904,0.5367349773313165,0.2812859493289145,0.26329572667827705,0.14324119948254846,0.5013153246507839,0.539971512352658,0.30255522255522255,0.2663913310708312,0.18262970094642156
ADANIENT,462,195,0.5162763201407213,0.5172387652569477,0.37249578626459906,0.28490214545801495,0.18654682850235826,0.5566264455241728,0.5902997672126008,0.4113662721553767,0.27082452460211376,0.24225611830092988,0.47246003735592446,0.4813451018930145,0.2289199173625403,0.2757132795785432,0.15460655343592045,0.47882427000608824,0.5460641565049299,0.26006330898878044,0.2711070660069784,0.19858362881808458,0.49832504214831536,0.49681356451518915,0.23906688150950448,0.26596190435398753,0.13568580115931722,0.5310006168074349,0.5751973630384996,0.2565026614626157,0.25841970713578044,0.17249313329289512,0.4999767405534634,0.48482133198791627,0.2163858232903691,0.268551478569192,0.13645235756980734,0.5653321909571909,0.5581838251215371,0.23965260556437026,0.264985221992411,0.19937339572335286,0.47631249867030906,0.46882072714420975,0.24920183528639495,0.28306836717180234,0.161443088051671,0.4157379686811505,0.46333159529949863,0.2451608187134503,0.2807823418950854,0.21403218631852153,0.4922557558184538,0.48315017781619335,0.2495507944219888,0.2637498661696925,0.14463480594024103,0.47314068759523303,0.4853262703928339,0.22866208255681944,0.26937240670835244,0.17948205297275918,0.49535197107081325,0.5156490295067738,0.18295498028608453,0.27741987340262814,0.1769393389092622,0.5226422764945494,0.5775082144166116,0.23372103219547918,0.2740221222242665,0.21655182512514023,0.4971349674704288,0.5195371540632212,0.22363587828539774,0.2695768177037685,0.1573614900664088,0.5125656843156844,0.5768671865666679,0.2512956958570994,0.26818833945645665,0.20159938597573518,0.4973901555897557,0.47423889651636697,0.2609512122654202,0.2576938290805651,0.11833052764373587,0.48184502072002083,0.5085661254714402,0.247053691922113,0.26095263953590675,0.19680169886379092,0.483484459938631,0.4703829913398669,0.2021541078896216,0.27971501307602664,0.16746027300086302,0.46570674233174236,0.4938683961404734,0.21734801980797405,0.28750763637887095,0.22307207309171537,0.4956852702265459,0.5030556088418218,0.3370881512870716,0.28894616475450163,0.18815700264664112,0.5349930116180116,0.5771925448633108,0.3713662721553767,0.2779736622513661,0.2542403129459313,0.4902564437217165,0.493284760859482,0.20752339398927275,0.25515868102186096,0.09272741491240148,0.5523686347322712,0.5913363510314054,0.24600231639705322,0.2496722526855337,0.14211785498817872,0.4618793106936256,0.4670232687799702,0.2191932326828485,0.2576735437728098,0.10506400103066914,0.4967971809335446,0.5348900409609928,0.2495857699805068,0.25329770748939984,0.13252388622124645
ADANIGREEN,462,197,0.4964004302293073,0.5143856986721866,0.31815856103447454,0.2712985965793715,0.19522871742827339,0.5023703231292517,0.5746374630595354,0.3464122406457962,0.26645764719100246,0.2007847597215818,0.4363841096514893,0.43465134506778746,0.2613976959300123,0.263763585570478,0.1741099133204845,0.486421936198722,0.5358032016769226,0.2970956248805604,0.2621125132339413,0.20248623766202378,0.5150305340579405,0.4869839160575327,0.33649423667925993,0.24904912302031873,0.12519801125621524,0.47784799525870947,0.5165857669181861,0.3492413985796338,0.24907288221685067,0.13801915074335053,0.5348620555766278,0.474181426332165,0.39182931331340953,0.2618846699933128,0.14539849676424807,0.5008936623891981,0.4945301107686571,0.4197901326522512,0.2644106501893317,0.15958451319129482,0.4955645013656378,0.4656699048614443,0.24856327815367366,0.2621114875680104,0.1472282817549907,0.5426530934343434,0.541034472412645,0.3156479430394769,0.25539337164097603,0.1650849920982993,0.5282699989280871,0.4837997273774801,0.22106174968141207,0.25737394238420147,0.12177585776141768,0.5010080073696145,0.5111937942494361,0.24925782278723455,0.25690208704335754,0.15118160241953246,0.48770071666796266,0.49714533714789855,0.3047325796865312,0.25579510797636085,0.1489096742311133,0.4344519815501959,0.5272449303351753,0.30510590200992677,0.2568567771344649,0.17756290318139775,0.45260066745494565,0.4785377873085241,0.30145610692156277,0.25635455961040227,0.1347319337043044,0.4079175041228614,0.5124290261962768,0.34850606909430437,0.26248426528606733,0.1797589058036448,0.5138023955891603,0.4728415052467076,0.36001086265564913,0.2609850593458308,0.14612254077527526,0.5450759186250257,0.529728681634183,0.4097450706237699,0.2580107959365734,0.18368843430871024,0.5093302011169659,0.48608657600939886,0.33036679168754635,0.25860089554821575,0.15021984926874024,0.5129145408163265,0.5220618437373248,0.3662983215614795,0.2589704220800849,0.17431610548475748,0.4853685219019444,0.4923549678361043,0.34594065809685504,0.26962705141837695,0.17651942069968515,0.5343891723356009,0.5706499391403635,0.37755394772735285,0.25951054496680565,0.17669097199997325,0.5245464573552809,0.5129917180521243,0.27010492180271467,0.24843887058238867,0.10753666394678059,0.5438012136672851,0.5810389521356406,0.32401740490509573,0.24585859400711305,0.11092347369125584,0.5172328161292065,0.4945594355512867,0.2970635359439913,0.2503357891107181,0.1454219293443576,0.5278554035250463,0.5632901758953114,0.3235060690943044,0.24614799560293094,0.1561039426014305
ADANIPORTS,462,183,0.5220978074821403,0.5768401942238751,0.33109074585002235,0.2697488621320801,0.1557907608745507,0.49010362856516704,0.5607947998845704,0.32680855843548695,0.28043895293964505,0.202768680513442,0.5038574015764195,0.5231675369517291,0.2786638755231889,0.27235072265228905,0.14973070158842247,0.4693861338092108,0.5234987769559494,0.22089866655084045,0.2736179197706763,0.19141692724410309,0.5347760179325974,0.5540316545774815,0.3395923862808922,0.2593323595156447,0.12944016622148774,0.563381312419774,0.6217115330229528,0.3422356628878368,0.2576521749475992,0.12535118944235465,0.5255061549627229,0.514237411954756,0.22648567747051243,0.26529308820687686,0.13176653447813566,0.5525711468019161,0.5545657236751665,0.1538063385889473,0.25902161426670167,0.1535574304857237,0.5389862209197444,0.539247719854268,0.3403394407182443,0.275012326022458,0.15741975183503157,0.496844181459566,0.5245594819124231,0.3064496916946258,0.27595944221022567,0.2130459250619045,0.5001276185303,0.504111118280645,0.2081290198225916,0.2775693468332862,0.1642134085976008,0.4785459910459911,0.48654224789614176,0.17012049735161863,0.2736012160861669,0.1714410148840885,0.5337051786432451,0.5799422767962654,0.3186795043698627,0.27426952205670335,0.18018944912802257,0.5666400551015935,0.6272684576513932,0.28366922932140326,0.27314016492397,0.19833626654234318,0.5220112380845151,0.5607778617247193,0.33803197224645476,0.2723552266357195,0.1743032412140148,0.5695986349832503,0.6186936857655652,0.3245945433236403,0.2721014728882067,0.18987798893812252,0.5369951787537642,0.5365479728728633,0.2941661465689382,0.278327448635271,0.18514879382578972,0.48397494599417684,0.496336461292031,0.26993394499788365,0.2837366174080348,0.19744606722154914,0.5154352011296433,0.5068601405587403,0.2553065359701972,0.2830182287017069,0.1639334524407225,0.5293071600763909,0.5293011261379227,0.24623444188661583,0.2727785822071933,0.19208252576415114,0.5464985459927186,0.5670908625418093,0.3558603857331152,0.27436595764363136,0.17668984628117373,0.47316615008922697,0.5365464438121194,0.3120437533481012,0.28591951159684315,0.21334499531386794,0.5574158660928302,0.5622691849889843,0.14982362222641388,0.26058068019087377,0.11449561869288817,0.4786520459597383,0.5331746491907216,0.16815141380358772,0.2604360526290232,0.13375444627595462,0.5649994293705733,0.5861859732293927,0.23553867225180872,0.260772738138811,0.12606283920383857,0.4716074167997244,0.5423872924640538,0.1938347048714942,0.2608972225514123,0.14990937366279458
ADANIPOWER,462,149,0.4777516855316238,0.4613309441358393,0.3049178700671696,0.2596721141036595,0.14709260816780814,0.4360694860694861,0.521409824912572,0.3376455118536566,0.28268354179994726,0.24775169556275503,0.47207006747097946,0.4473781951013625,0.31965307185588493,0.2648935536337517,0.15479659728774547,0.4440764790764791,0.5435992757332447,0.3473485832753567,0.2649656745725074,0.1927065089834138,0.4919781703555586,0.4721454090796412,0.26526654874937594,0.25419251660944125,0.13035793695003736,0.46115273615273605,0.5413767872668163,0.2985336862867227,0.28125745715572764,0.26035588411126587,0.4994542127188756,0.4508631486198638,0.31382960194724896,0.26722099908034097,0.16707794734532774,0.46465201465201467,0.5119010857884483,0.32780813575127954,0.2978457617136764,0.25709736663295785,0.49202006111080254,0.4359401662189022,0.17033408266784045,0.249719773133339,0.11462514531251365,0.4918722943722944,0.5051540538216363,0.18428093645484947,0.26388315479484353,0.19765228899331705,0.5379968182647203,0.47481245882493306,0.2195760037974968,0.25451966208319615,0.1468677781096103,0.48497613497613506,0.4951468353165186,0.25852684268973863,0.2668565420080537,0.22595098070274472,0.5036310684429078,0.4829680541333611,0.22254150702426564,0.255337666100681,0.13241224249453343,0.4881795981795982,0.5831695671365192,0.25693050910442217,0.27610749034397003,0.21711814946745994,0.5154404643045355,0.47407159304339863,0.22734122500224194,0.2538977415135262,0.12639722803065223,0.48424741924741926,0.5627044463562725,0.2420509442248573,0.2733341060306888,0.22764321139714486,0.5073116965408608,0.4603682005502208,0.17877090230031406,0.2671424176568024,0.1426608522284688,0.4213383838383838,0.4703448916773093,0.1794635316374447,0.29844328335828185,0.2268876973603071,0.5320953017878133,0.4732041836317085,0.2393400383874193,0.2653990594242044,0.1567923051548131,0.49867049617049614,0.5254526054938142,0.29554240871376425,0.287368352637557,0.2487185996375435,0.45167348729333084,0.43877535037122456,0.348157911223327,0.25794754556215077,0.14847863002269251,0.36739427239427236,0.49458694165909733,0.40668975809640767,0.27699137323935097,0.2259366921170319,0.4837629145978079,0.4712925251381093,0.18625180694146212,0.2441862227774426,0.09150250107295399,0.39545898545898556,0.5214739516181823,0.2210988194265786,0.25626407622489256,0.17601852684498154,0.4922263422693643,0.47466738406367415,0.21745888745888747,0.24724659942606492,0.1060356573832827,0.42318403818403816,0.5271548173539932,0.2049891285185403,0.2634437218724248,0.20386980756477888
AMBUJACEM,462,162,0.49637146919921066,0.5687577729233869,0.41987406678839345,0.26506341805182926,0.12239372116465931,0.4917845117845118,0.59696123003938,0.44598734598734596,0.25197694385856145,0.1995476365359599,0.5061363283158921,0.5837004916902886,0.5473112892786058,0.26790595805434597,0.15898893058958372,0.49646344396344405,0.5911903056849228,0.5461943730660308,0.2658636093416798,0.24677606926548884,0.49293673989023296,0.5494191941728233,0.4217150828456692,0.2539167957061776,0.11255497984765873,0.5189051226551226,0.6091381107668986,0.4007641348550439,0.2472958049154642,0.17523602231526247,0.4590684889039522,0.5108827319864765,0.49748335710349606,0.28103332485088023,0.1586406428685428,0.4957212000962001,0.5389261184057834,0.4856896691824921,0.26649017411352666,0.19008319660788023,0.5056967206792147,0.5449378588922021,0.4063352886216848,0.26649405475424237,0.12295276017408775,0.4893085618085619,0.5420412079502989,0.39601206873934147,0.2852088856586445,0.187472800728602,0.4833231097867573,0.5274568687398881,0.3363061240856349,0.2613136606169544,0.11288095235398855,0.46958724146224157,0.5170185989944234,0.3615546218487395,0.26534093302670736,0.17599303736799743,0.47171242450281237,0.5449841693379535,0.4104495389492188,0.26314602745442894,0.11975367281645226,0.45255050505050504,0.54653601449056,0.38253968253968246,0.25561939649846566,0.14980973398612246,0.5308262593719503,0.5854725148576603,0.4909951822061835,0.25714645371798256,0.11842230243798214,0.49617183742183746,0.595002108581654,0.46644669712499714,0.2497615768722989,0.1440543417286121,0.49765825153497906,0.5390120891910652,0.4426347688575333,0.26120021314166714,0.10561113755248015,0.467819264069264,0.5342673992673993,0.39453627180899903,0.2600698174523304,0.17055732982364386,0.5175726287633454,0.5520193896803055,0.43254542840223975,0.2588188594428382,0.10999851128371478,0.5621840428090429,0.5997419271945788,0.49346209346209347,0.2556752700445977,0.18782811919123246,0.48963110923163305,0.5698580964097035,0.5222448150679786,0.27318642077435473,0.17112912332532157,0.49690416065416065,0.6027271540778318,0.5758368339919143,0.26234383151031077,0.2683508484585229,0.5004919086390768,0.57730500683742,0.3629201090090668,0.2526931065594496,0.07944286243391051,0.5118843193843193,0.6145273903573814,0.36559714795008913,0.24463406229068127,0.1097936006330098,0.48136428587723074,0.5558369848578263,0.3868151736660556,0.25365684814797473,0.09776782061149622,0.5146771284271284,0.6016398868888047,0.3521008403361345,0.24712691648146592,0.1329294921392041
APOLLOHOSP,462,126,0.48824413773784486,0.5221550700027563,0.319779242026493,0.2733475966087514,0.15161547944123172,0.5061507936507937,0.5140806878306877,0.2824074074074074,0.26125360847783624,0.12989702969643493,0.4704174023885459,0.49974032206162583,0.39184992218653014,0.28995169052289066,0.1961447577368676,0.34960317460317464,0.47368726952060286,0.2510822510822511,0.25991568775353296,0.23262238559824336,0.4846640352226906,0.5076648356559207,0.32988474364478027,0.27793609907,0.17714604391758212,0.5350198412698414,0.5938509021842355,0.45584045584045585,0.275002908544465,0.3089408608867417,0.4804303343154803,0.46724637470438407,0.33362444717083684,0.28313181949097804,0.15473701025811284,0.49573412698412705,0.4748062893896227,0.4166666666666667,0.2665181396413258,0.16854312913424072,0.4896625270136005,0.47077606844020164,0.3078237904031763,0.2591079290149672,0.11778552703881337,0.4930555555555556,0.4411947774447775,0.2333333333333333,0.24676452660976056,0.11585209959753641,0.45267849369126456,0.4683950163786591,0.2548829585050129,0.27325957773282833,0.15702504940950532,0.36989087301587303,0.3713060088060088,0.2804232804232804,0.27204867831522417,0.21596482715130907,0.5054668256990911,0.531349772681947,0.3124499984512944,0.27374453316389025,0.13993907853945464,0.3424603174603174,0.4370502645502645,0.16666666666666666,0.25486738442504686,0.21473603018175438,0.5062984609067864,0.5366635288747132,0.4085620395805629,0.27650945735022947,0.1755506637202102,0.5619047619047619,0.5680670718170718,0.301994301994302,0.2494154888511593,0.1327775792440136,0.47372570936613884,0.475245566001828,0.3666718025856747,0.2616241991574419,0.13172842472113205,0.48923611111111115,0.4596808284308284,0.5200501253132832,0.2611732200061972,0.15371737289409285,0.49479040121522283,0.4834329292415859,0.362120656797933,0.2839859084709561,0.14494958082153506,0.44866071428571425,0.4188505938505938,0.3533834586466165,0.26908349808188337,0.13689145299665476,0.46947450999828505,0.49173173407932985,0.3138752775438773,0.28622018844753394,0.18689298640010096,0.28293650793650793,0.38375460958794294,0.14393939393939395,0.27210251566943017,0.2059485958940596,0.49360514928902327,0.516545892137342,0.3294196264589639,0.2564386771917191,0.11058152490562728,0.5239087301587301,0.5861260344593678,0.45722904546433957,0.242354895656686,0.14739748274218664,0.44624156241773016,0.47555218824374107,0.3352372161628824,0.26103039872070505,0.1224314928985571,0.4579365079365079,0.5138236454903121,0.5108926161557741,0.24629744139860468,0.0999183084061902
ASIANPAINT,462,169,0.47013405642125305,0.5104632544072956,0.35205216669186873,0.2644268587789844,0.12540852909850153,0.48982637732637735,0.5358895737555007,0.37798819171643205,0.25797374031955317,0.1782638821499432,0.47070499531785254,0.49013433566286274,0.289640192298176,0.27417105197130326,0.1367562812579666,0.46972703222703216,0.512714287021624,0.35078563411896746,0.2783948656392596,0.2105153224284417,0.47536813419609447,0.49322783627935807,0.3353593626988278,0.26067686421119146,0.15638884640804562,0.3717807655307655,0.43818944859622533,0.2969506891075519,0.2610956474099624,0.23221322940108935,0.4977850398358598,0.4914153541645286,0.3309066642943437,0.25826275087579664,0.12619510113110152,0.5261733636733636,0.4823276480332723,0.4644467079761197,0.24301138299231972,0.17090198446217209,0.5037915830567432,0.4899765926590792,0.27615538901560405,0.27032427507148277,0.14308433348132768,0.5149052336552337,0.48340166764029735,0.3041448463443348,0.272965475099938,0.18764837004252424,0.5083102209627202,0.49301943532628373,0.3787183594819927,0.26346305087064775,0.12613691268274274,0.5567699661449662,0.5078788546844102,0.32546989810416915,0.25933365448500206,0.21566947042969173,0.47605309631606363,0.49860029187991173,0.30930643422637166,0.2834120526688327,0.15741929863954868,0.5016793391793392,0.5278407690441145,0.31316360536309384,0.2926609792263559,0.2332552208314029,0.4730923480062776,0.5026806862510803,0.30478938106171,0.2676400696960075,0.1420811010193999,0.4998476060976061,0.5278884761827413,0.30866625086573934,0.2655948629043203,0.21751201436272888,0.520089153780981,0.5005368483101335,0.306617813600756,0.25784196816684174,0.11077111522450035,0.5499669312169312,0.49830382861987604,0.37781195893150354,0.23935044805584982,0.14710180674786896,0.5135735310117462,0.48825757384796753,0.31096889363906727,0.26476116496141017,0.12611886710459738,0.4878006253006253,0.4522616348983738,0.3629971441166887,0.25541110538952294,0.17964340993988087,0.4564988251060513,0.4831742305066208,0.3750289980428877,0.26932966862128566,0.1382454512814575,0.5067677692677692,0.5465032426884975,0.34528076463560337,0.26949722703449974,0.23766589441756622,0.47130035478050014,0.5013604674733958,0.25748966599078693,0.25492545876958034,0.09180572151176593,0.43054006179006177,0.48275947586466533,0.28348904870203046,0.24885264829187104,0.15152627256924173,0.5098833185405404,0.5282330520250006,0.26679369923023094,0.25586496914363793,0.09775293735805261,0.5154470529470528,0.5451097795361641,0.2977345899340784,0.2508920745896217,0.1760736121055268
ATGL,462,106,0.5453785484839258,0.5345967216042898,0.28470085168235737,0.2743095351610396,0.19248295128467435,0.7322222222222223,0.7339880952380952,0.2666666666666667,0.26724971791459146,0.2879815995956826,0.48808488863435434,0.4799571694063317,0.23268413115704029,0.27180287913536455,0.16366482713269231,0.43314814814814817,0.41539867539867537,0.2533333333333333,0.2705875864604705,0.22018892387204217,0.4959703474855247,0.478979867807541,0.24261293441411969,0.26228148220545744,0.12926918114692068,0.3053703703703704,0.29863978613978615,0.16730769230769232,0.3107731852604763,0.32864440784008586,0.5635914042392413,0.5182372924707543,0.24401080281951235,0.25763827856162586,0.14647390800088672,0.6348148148148148,0.6347498797498797,0.3464285714285714,0.251416655665045,0.25726715629844377,0.513027197949968,0.47633204817071617,0.25431842031842034,0.25814040070037947,0.11853898754088174,0.5507407407407408,0.445067155067155,0.18888888888888888,0.2566520743496645,0.21336963027747405,0.4798307512344486,0.4594703805451589,0.2538057948435045,0.2568721707493135,0.13786022866392295,0.4760185185185185,0.47043872793872793,0.125,0.2609143121866206,0.1730531488580644,0.5003647252829573,0.48799116942666654,0.26097615994829615,0.2705896045038321,0.163430793329232,0.47333333333333333,0.43390313390313384,0.19411764705882353,0.2599571063615068,0.172882833955241,0.47178295247153684,0.463809877927569,0.19038667375509483,0.2792988104918974,0.17278723558421086,0.4957407407407407,0.35304834054834056,0.20341880341880342,0.27819273665879257,0.2900022537160356,0.5097159435696981,0.47214222130466177,0.2436640412815276,0.27137445195745236,0.16000482532876284,0.5115740740740741,0.37126984126984125,0.30272727272727273,0.2702104517352851,0.2740029844419257,0.5547250468754871,0.5172718382730301,0.2650295026675311,0.25776268128500984,0.14646030326455545,0.7221296296296296,0.6393803418803419,0.4074509803921568,0.23248212618901415,0.24244620062055727,0.4889232630233485,0.4887148988284936,0.2712536916778204,0.2844671436672235,0.21623984510403227,0.5933333333333334,0.579755291005291,0.27999999999999997,0.2876039920453385,0.3013426260530715,0.48872427649019734,0.4831510622333427,0.249760106790393,0.25313872107412405,0.1031967173030859,0.5138888888888888,0.4081369556369556,0.29683257918552036,0.2475169758160444,0.1670422604606987,0.5209606675549803,0.5057474517130631,0.24211136624001606,0.253583021975816,0.11417967016573681,0.5403703703703704,0.4758954933954934,0.28065610859728507,0.24601135044172975,0.14956834192766869
AXISBANK,462,252,0.5104799368973018,0.5381133694411219,0.40423583931972384,0.2766099631667288,0.1864674651247203,0.4561350788814501,0.5739941670916168,0.4048978261397497,0.3029591390476215,0.25952735817144174,0.5054083078639743,0.5494190121225943,0.37811224947088645,0.26265706996257826,0.12503460474276254,0.5242212050462625,0.6092710667358787,0.37305168828665064,0.27074361649222495,0.16800161246058637,0.5342218570757516,0.5713171858810046,0.3155234196684339,0.25918139878222307,0.13968933183005575,0.5101155845187549,0.6071268575732336,0.27399807749186633,0.2742206405396496,0.2040555742716194,0.4798038837837488,0.5245371558790152,0.37007357349278164,0.2663401171502497,0.15509751152765122,0.43008621581005085,0.550663454136613,0.3461323530966388,0.27716415165910646,0.20466806304200177,0.476341951801906,0.5047689579526458,0.29151455645447566,0.26862934070290995,0.13944774400390184,0.4564113328103016,0.5570501090609123,0.307449236662335,0.2775451457957755,0.19080813076371791,0.5249772378761083,0.5425199798241784,0.3559740962809686,0.26648604723209374,0.15309156006763416,0.47368501808436875,0.5580078179642352,0.34512982244793394,0.26793687947894074,0.17371591768305064,0.5223502330848766,0.5651252564291379,0.3607786842487911,0.25397208015168293,0.11966905541077612,0.507317970629659,0.620434639527553,0.3389802459445317,0.2645109713199251,0.18587816155904466,0.5071350568202123,0.5600950181433162,0.32111936540151176,0.25767087236479497,0.13687431271335895,0.480103983918919,0.5819918767612959,0.28743726511583656,0.27434944757825913,0.18502184663795784,0.4734950263822534,0.5172647105574667,0.31023151785563136,0.2648235840897696,0.14021353350473129,0.4274061388700427,0.5385794267800001,0.256493862041743,0.2772818623992867,0.1898076535892903,0.49344088320063667,0.5205683961627857,0.32537287106798213,0.2597810693461387,0.14006556027166675,0.469112180967605,0.5578663719688721,0.2830636173388275,0.2689573748918412,0.18129019516628211,0.5297997346341392,0.5573524108085866,0.3845710414055816,0.27623008437291324,0.18578413083758122,0.4970408271735621,0.5993124332389884,0.36731160345290775,0.30245788589343114,0.2660407587076764,0.5298588179570562,0.5582803364746702,0.3272923299419445,0.2545864838072694,0.11084913117381423,0.49285350274177625,0.5991214934492951,0.2981115907901622,0.26365432636752456,0.1463496957084262,0.5100242286973565,0.5635889437554196,0.34320828485266025,0.25513164093657653,0.1299428476527292,0.4577594446339672,0.6019551732332211,0.31056580324437466,0.26508436989903295,0.17611744737628962
BAJAJ-AUTO,462,144,0.5225009248957122,0.5744535230561705,0.3602267509033427,0.2747958346605165,0.15585670739449844,0.5403757858303313,0.6302599570558933,0.3022638281258971,0.28999699392214656,0.23663854424149003,0.5407042585736455,0.5739240768652116,0.4318776546027455,0.26499451587755835,0.142937326339581,0.5974411531229712,0.697268457593284,0.4263013700812744,0.26353974942653086,0.2046664972902326,0.4684871664447785,0.5289046044719045,0.3982430219360655,0.265916147969923,0.1411859394626679,0.46804710441074077,0.5718219072463492,0.39421774619143035,0.2719797412711776,0.21815911564112733,0.5191793684457384,0.5321253290952261,0.40102870495195847,0.2626291294199467,0.12719531081356455,0.5021868913914368,0.596271892100769,0.456376448367295,0.2702758485187202,0.22123635152567472,0.4726901581138608,0.5028433301339629,0.45654953799267134,0.25899328857528664,0.11747479352141625,0.4597486267940814,0.5624604459351663,0.44756889970793706,0.26271108900991286,0.16756905160215216,0.5156987492597938,0.5342443330818575,0.412006886178249,0.2666902632418289,0.14504851360566748,0.503071423525969,0.5752210983048772,0.3941791818797167,0.2806336823901666,0.24191054234706996,0.5166077320004295,0.5549492326983114,0.3344484600970206,0.25660024901346645,0.10727613408446514,0.5654883836702017,0.6405569260252506,0.29107256379983654,0.257480189066355,0.17930142999441773,0.5551475555264893,0.5810108442704227,0.28729309956637394,0.25712300838958413,0.1099043391200565,0.537652835380108,0.638269294095847,0.340531438258711,0.2627641058499972,0.18079838956703453,0.48917664302644953,0.5052702464549894,0.41533605076721986,0.2694657228266425,0.13635505716414945,0.48676199642108725,0.5523830901666534,0.3858278085550813,0.27432049139197684,0.18848177993562745,0.5601832057782085,0.5638560307632748,0.4943372250713058,0.2542225852512223,0.12208469730485018,0.5464951925179199,0.5787835703991606,0.5207376355701714,0.25461554777188955,0.1324606762272287,0.5398972549473827,0.5866732959765969,0.379670568518596,0.26864619386716043,0.14941481975713108,0.574368266413721,0.650037797061006,0.3197351924872136,0.2747047288068064,0.21896528861385783,0.5352527614721619,0.5854816593891318,0.36741330720938425,0.25656795816302114,0.09838559739273742,0.5321038809675174,0.6353899800784784,0.30948748221475497,0.2582605522916821,0.15713377368288656,0.521021487154032,0.5714465308184918,0.36049204415135727,0.25711898703175173,0.10552473845395963,0.5029481881754609,0.6246153720724654,0.30689747962475233,0.2601798443059029,0.1554240215840808
BAJAJFINSV,462,111,0.4447405664355288,0.4717016881404428,0.3266797929749784,0.263504615427638,0.1293092289791731,0.4633982683982685,0.5589399813750462,0.4039728542402339,0.2731589698727013,0.17096829226507462,0.48317910769139344,0.5005299675864224,0.3513414475277992,0.2633785899884918,0.10517542582219996,0.5191053391053392,0.6177317157349624,0.3742044708270433,0.2624367169428776,0.13604893220608158,0.47781532720377673,0.5021273956464188,0.28146158306221875,0.2654115221836161,0.11898927721432964,0.5081096681096681,0.6296434836207563,0.31871657754010696,0.2791985666187488,0.21132693058914012,0.47674705726246847,0.47189711971985726,0.28731734097440875,0.26125120887254066,0.12679771994029584,0.552893217893218,0.6300984116893208,0.3275910364145659,0.26715354584892576,0.15880645746599917,0.48603677926031763,0.4690487986000288,0.40770842325972884,0.27155729572601556,0.1450133499196375,0.4234126984126984,0.5272588414471531,0.26680112816476453,0.27736763410289705,0.19841400925986424,0.5476873349285588,0.5434826775236432,0.33762698549606607,0.2574359994123546,0.1202201056822607,0.5298593073593074,0.5869654335563426,0.2962057550292844,0.2667735912114896,0.17077377766439072,0.44470174204234697,0.47394043446744,0.40246432587945546,0.2688984834254281,0.11076579046889362,0.49409090909090914,0.6139947792707532,0.4245387856350424,0.26432766045775175,0.16040738116906664,0.4618796211384184,0.47861205537169094,0.46687243412031965,0.2668554737763473,0.12785044837229162,0.45516594516594516,0.577528774135917,0.48632762068590946,0.2591187298328716,0.22236962690469628,0.5068676938650242,0.5012393843312994,0.4010787812141168,0.26906241727942853,0.13900798632653366,0.5023809523809524,0.5734211411484138,0.3485112777893527,0.2780832254099676,0.17897522386578643,0.5259506657816491,0.5254846765157761,0.3188725465059916,0.2716915406668185,0.15439647829765776,0.42910894660894666,0.5395710290190809,0.220736779560309,0.29297178466354556,0.2165044711128772,0.44367728934603684,0.4733551634704815,0.4167495708477401,0.26805327356327474,0.14860328202940667,0.4706854256854257,0.5897663183377468,0.47690850444861144,0.27485109073491215,0.20520495977602796,0.4378039606039197,0.47033483980854285,0.21232423171347778,0.2541819737025272,0.056128105004598826,0.4824025974025974,0.6169855343069628,0.20816747751732267,0.2561194959491718,0.0826492756441062,0.5145065104835207,0.5343130080696497,0.2926173761839121,0.2527022732682609,0.06932297430283282,0.4381673881673882,0.5800564490824232,0.29355708790693313,0.2583991561698061,0.11027381565645862
BAJAJHLDNG,462,93,0.5418528214540328,0.5400205986402689,0.3356272310943154,0.2686858777839151,0.15723914266949796,0.29012345679012347,0.4141992266992267,0.315018315018315,0.29320944242224267,0.24130986248290617,0.5165897793548689,0.5132923296491863,0.426229126203359,0.25912954090636336,0.12132949295461212,0.6080246913580247,0.6045755170755172,0.5982142857142857,0.24725625074935187,0.06727994911005956,0.5293605035736413,0.5552050697888536,0.2870500934145099,0.25792151400591284,0.11090805362744335,0.4506172839506173,0.5021034793093617,0.25,0.25949658726868186,0.1293625409683059,0.550367491554327,0.5282056536958258,0.36277434742012743,0.25577548902554337,0.13472107826503124,0.6882716049382717,0.6469356261022927,0.3333333333333333,0.24718447378364067,0.05674299047002754,0.4807495375461051,0.4721131051468872,0.34078733109369197,0.2706682425467352,0.14578515896233307,0.5833333333333334,0.5019943019943021,0.6190476190476191,0.2560399890533702,0.12002591878351059,0.5102835991979483,0.5083614117091547,0.35394784594185297,0.2616040463272766,0.1421808033939725,0.4027777777777778,0.4113095238095238,0.42647058823529416,0.27786982575419183,0.21161450086292072,0.5357696233919682,0.5379508524987352,0.4174003824418445,0.2629013325284818,0.15498864126007797,0.5123456790123457,0.5387432012432012,0.5019607843137255,0.2621486732574013,0.11320258245548508,0.5405862964847081,0.5468297909197972,0.3941023411053248,0.2662503304295388,0.15657071241336679,0.5709876543209877,0.6394864394864395,0.47619047619047616,0.2473698444458472,0.08983181535797273,0.48460687870183095,0.5026086442783395,0.45156713328442316,0.2682054091378768,0.156129754869313,0.3055555555555556,0.3853174603174604,0.41025641025641024,0.26231823266243803,0.1571295653451389,0.5257971898765746,0.5151043316356688,0.40067394648954935,0.26150470254246455,0.15136479797392388,0.6604938271604939,0.6560185185185186,0.1875,0.24987848135223756,0.10505492724239539,0.5201322236136209,0.5313120248619089,0.39724559121135067,0.26483674208725017,0.13714395684587496,0.2716049382716049,0.4043086543086543,0.34965034965034963,0.2869321943126968,0.22321674580850076,0.5112195401249514,0.5274003544889762,0.2894566325996512,0.2512411273580838,0.07011845218482812,0.27469135802469136,0.4074143177084354,0.3333333333333333,0.2516326185422646,0.061845710055209474,0.4965904515674471,0.5287449193222382,0.29370778962415023,0.2538761816003878,0.09272209944978506,0.22222222222222227,0.39209884614296375,0.3333333333333333,0.2529555465179876,0.06618142752769593
BAJFINANCE,462,139,0.5107945383107438,0.5512099314322598,0.4480181930737524,0.25862076576216136,0.11981862841260206,0.4591955266955267,0.5195937578216989,0.36324242424242426,0.26111698588933785,0.2418491013766617,0.5518400454289847,0.5896722445019421,0.4834484048080052,0.2643918087952901,0.1340433269945304,0.5231259018759018,0.5335842811872223,0.33078449328449333,0.2756798726876619,0.21942443219077834,0.4699283898502656,0.520724078642886,0.39404143143118925,0.2759410182404777,0.17338700564761636,0.4033603896103896,0.47263405730072394,0.3942463092463092,0.30685201840102544,0.29797541330971883,0.5205115492825119,0.540369718783687,0.4630936957698408,0.2681591992753894,0.13075036494105177,0.5466567460317461,0.5018222888222887,0.4376805873864697,0.2496457700870502,0.1725401676350021,0.49703746499562923,0.5258264159978334,0.4696704719891612,0.28350552396842726,0.19945695659133802,0.49583152958152954,0.4890086210086209,0.43298368298368295,0.28925263118910893,0.24698354974995174,0.5071325319766474,0.5267164549920421,0.4328729964974333,0.2740432878345894,0.1460618246533573,0.5480059523809524,0.5034580280830281,0.4257542457542458,0.2812089080113807,0.25807090962528506,0.5111543604024448,0.546158673225693,0.4917570309625722,0.26900954645901315,0.13590245134849077,0.5201190476190476,0.5277301340634674,0.3384938590820944,0.30455197127970535,0.29367003631733224,0.49445654837638703,0.5405033357815392,0.4802116428478865,0.26719380381724445,0.14710014441111208,0.4368253968253969,0.4864945332445333,0.41146903205726737,0.2881502698819761,0.2609613855234318,0.542876089664614,0.5462385864339077,0.4853020456838022,0.2650135079197461,0.16050262151883654,0.5463852813852814,0.5185415271003506,0.5027514590672485,0.26829334385489745,0.23427040708826147,0.5514614657301486,0.5544141156079199,0.4549040542020125,0.26751295566207667,0.15727124440533674,0.4932855339105339,0.47563787138787134,0.4305960705960706,0.2798560079259544,0.214877071056764,0.5333336715909734,0.5703021592856364,0.4978102658369742,0.2602258635457452,0.11723621813770757,0.4613437950937951,0.506953661806603,0.3873962148962149,0.2756828303467945,0.2060055814186555,0.5078332932383981,0.5507039862504556,0.3576120394670783,0.25426875668279997,0.09225682611686081,0.4095382395382396,0.4598015888432555,0.28748917748917746,0.25651881451915465,0.15407895685179143,0.4927909413012831,0.5434083281742187,0.3998258683072737,0.2609440197373678,0.11750664963331653,0.49555916305916303,0.5099567284567285,0.320042676621624,0.26304897800789717,0.19559708755296795
BANKBARODA,462,186,0.528746606667379,0.5677418598741816,0.41764963851773845,0.2622185135617975,0.15837789796154783,0.5363474056650077,0.6275706481001911,0.40605767273171073,0.26552897259671887,0.1939097653863841,0.4940125204222236,0.5262344716565734,0.24229910012443828,0.28317412502393713,0.18760638126300655,0.4487300605667953,0.5345858604697103,0.21621315192743765,0.29605815090852877,0.2378961716250238,0.4881070419270922,0.5283038737999751,0.38722162750885275,0.2692296850431939,0.15838785084857962,0.5364929665950074,0.6264223494394462,0.37619691554782836,0.27767147754836957,0.2016280554753523,0.5025940769548694,0.531713512143173,0.4516070016171004,0.27773658082712865,0.16109291959977673,0.49165046971169424,0.5774714274679489,0.4349398930225998,0.2934714763231835,0.2626955606300311,0.4960758381717048,0.49600556753278785,0.349138299203314,0.2878266500438593,0.1789156668247694,0.488354628647996,0.5115007245897784,0.32151574407213507,0.30233629240391735,0.23241599052200881,0.5004653627318378,0.50970938778994,0.3468298768363623,0.26914713479441743,0.16660344355901807,0.4677605209652404,0.5210320235320235,0.27439431913116125,0.2888295444745937,0.23319165931057712,0.5140180643728919,0.5532693703379168,0.3086117863707063,0.2806092802275657,0.1924643793285045,0.4823130049278008,0.5886408988828725,0.27014533085961656,0.293393981705974,0.25228569513469906,0.501750098221572,0.553839343147995,0.3604790144144983,0.2701552886686113,0.15802417050987602,0.47522500576709764,0.5753566938953462,0.3675280834944701,0.27218645854133744,0.206430177401633,0.5307663328196509,0.5416367073294668,0.37379296583416827,0.2661918184513339,0.14625293203687698,0.5099747275353143,0.5946676386727408,0.35856810115350485,0.2722934596633758,0.22813931820680367,0.520581177508173,0.5358382008056787,0.3795160741994802,0.28341331607651116,0.1804665286633506,0.5079967434304169,0.5720090956622962,0.39053410040252146,0.2920607671490308,0.2600545177648191,0.5136304178102784,0.5578308554441002,0.32477737525019335,0.27792599545782726,0.17796883920167586,0.47202157630729064,0.5860205805448201,0.31594829564754373,0.284011921106742,0.2258183887026136,0.4842874889912079,0.5400724990285858,0.276669458193964,0.2582667566879959,0.10059912219990795,0.4791603842114047,0.5974145488084377,0.2868480725623583,0.2660664936684192,0.1687947953822805,0.49225353064546035,0.5354254859207601,0.32146336517683627,0.25926785461307733,0.13507521989989185,0.4507383050622847,0.5598326555366435,0.30645065043561287,0.27093490040165763,0.19638479688882596
BEL,462,128,0.48947824873744267,0.5525464448902985,0.35811665941509047,0.269400126199093,0.15833111125129812,0.491539354237767,0.5278158540460127,0.4252168883747831,0.2609004110914933,0.13191472728613132,0.5327205763643466,0.5451852147967927,0.46066309813975564,0.2841262183966515,0.1910440700397542,0.5629671621735114,0.5545260735736925,0.47990582402347104,0.25776782055522335,0.19854143932450719,0.49708302785882036,0.551032929069479,0.3505208323464067,0.26785223250052004,0.15217495061326283,0.5193570245157546,0.547390836676551,0.3451659451659452,0.2640372646337237,0.2030476114922453,0.5007298916058526,0.5294355335023488,0.34993804852698324,0.27361077564960523,0.14967544279045816,0.4851909590996893,0.5051573426573426,0.39588072745967484,0.26159526607609923,0.1732344828889366,0.4995107403658777,0.5131851644939766,0.3539474347670055,0.2775337759280522,0.17298281627704074,0.4968408575551433,0.5385589014160442,0.38249947506913445,0.2632584533641597,0.14369259486321162,0.4896433212641247,0.5065780905473537,0.3485164999230079,0.261423168400801,0.13364086009933412,0.5012749853027632,0.45504665087998425,0.35075061390850865,0.24816295185889656,0.10478744397907311,0.518142425869847,0.5640928913179845,0.34851855158558964,0.2943621222167085,0.20494781326700112,0.6108024691358024,0.6327947625566673,0.4137023470356803,0.26824627954053226,0.23133855529725855,0.4965931063208547,0.5324816391771062,0.30869959429294086,0.2865536475524442,0.21207204466820992,0.4965018667399621,0.5175342162246923,0.3252204585537919,0.27323890889897107,0.24580536825200067,0.4935261404176288,0.5294654241449497,0.33546042719490277,0.27682432158708076,0.16284803572666667,0.4650945394993013,0.48769984424746327,0.33827160493827163,0.2623740766553531,0.1975387469582584,0.47796703429373166,0.5156870079367218,0.36358125378177264,0.27468741451693585,0.14956500464524455,0.5239851271597303,0.5315182759627204,0.43781355097144575,0.2620757463285608,0.20426958665069525,0.5323220157637469,0.5524825491324187,0.43732606735444896,0.2822616140262263,0.20279945962889281,0.553931701749162,0.5419683050635432,0.47887228965660333,0.25934269765887064,0.1897367225251064,0.5037531944557302,0.535454635188913,0.3057969553878035,0.26335168950828863,0.11318253631859895,0.5158235797124686,0.5056701411463316,0.34165970481759955,0.25167991137191253,0.09135401143796258,0.5108925910279297,0.5291910205325998,0.3136803595269045,0.26382440584449773,0.12586027623590926,0.4912607747925209,0.5054565364089173,0.3542859674438622,0.2528309900722063,0.11096919029355805
BHARTIARTL,462,297,0.555987113384622,0.5887915368784229,0.354702945359725,0.2825343692064167,0.1952683031295234,0.558765440908298,0.5812198043598384,0.32793687982622266,0.2776509001518138,0.19098880680040936,0.45857067955229264,0.5310803890045038,0.3298637139376957,0.2859729932425365,0.1877291194794383,0.4804973796045225,0.5634011492063932,0.30776287849458583,0.2853694264867847,0.19597778674552987,0.5249917425829623,0.5666725204419483,0.4576602502800388,0.2646196569608427,0.14111733049603445,0.5365397499326071,0.5851717105429957,0.415303524796006,0.2635792815879065,0.16901175194558657,0.4746316091857926,0.5030488126718697,0.42330415087946693,0.2690042526978106,0.14784019659265543,0.47810512899798613,0.4993452411811622,0.3754082952471455,0.27027338756888925,0.14668101802080893,0.516407387457237,0.5428397716702242,0.43678269625340505,0.280303580737635,0.17512765179956719,0.492255512344798,0.5164489144015877,0.38952530568768523,0.2811759725809448,0.18819968579557142,0.47150431377143726,0.511915465078357,0.4668840319229626,0.2764042304873359,0.1733725023110195,0.4880738309309738,0.5323895756605905,0.4526708922051205,0.27034170417027903,0.16603718778525536,0.45350489866409627,0.5153374653286956,0.3285903668592438,0.2802852986208479,0.19234518324986047,0.46709134119848406,0.5218457566069193,0.2969297873125244,0.279856393057659,0.19267098757729734,0.4592009880299202,0.5258907293383663,0.37103535520394904,0.28197611822156526,0.17558792494602032,0.46299117549117547,0.5176385721362948,0.33917772513499633,0.2871109619129471,0.18498528593663918,0.5117778048813072,0.5448998540761436,0.4150178629019408,0.26949158953514535,0.15225201322192164,0.5319604998176426,0.5508953682458403,0.3986461121299203,0.2698451897919959,0.1571611251501633,0.473386274481415,0.5074530300336326,0.41890240219076075,0.26969882578488574,0.14281497752212596,0.5329899762935477,0.5341647739793782,0.3919972560062743,0.267313706093461,0.14881105412297516,0.43435827716684716,0.5096873105468506,0.2896217817270449,0.2946358520111473,0.21870450853930296,0.4712624676910391,0.5354125558600951,0.26456953288744706,0.29086823598729217,0.2317469442999399,0.4472712587857801,0.5206334445536227,0.38645236949515127,0.2650847267672962,0.12989931618627362,0.5040436745793888,0.5606310617163043,0.3478700909702193,0.2657726765355419,0.13346358098922212,0.46289218773506086,0.525352295153629,0.4120835205435038,0.2674523995503607,0.14869209296906313,0.4894408171193886,0.5695186897157213,0.3777364234681308,0.26685249375377423,0.14729036647027532
BHEL,462,158,0.5319808984741067,0.6212432296036247,0.4255798463264579,0.278267543848311,0.1804405039923356,0.594522607022607,0.6437995094898955,0.38042166167166175,0.296336899403051,0.2975811041934229,0.4782933342992978,0.5541620719988869,0.3563336399784524,0.28657787672747503,0.18883592499012572,0.5388603294853295,0.6215502231294789,0.3578588989394616,0.3043151871445405,0.2564052095141692,0.5149840824143729,0.5886385266842887,0.4211935742077605,0.2917836608249095,0.2072563497766245,0.4339736652236652,0.5825388302630393,0.3118756746474138,0.32724347472951537,0.3149679704956911,0.485263983327103,0.5347707925522299,0.44088259403184316,0.28435455067562015,0.171568061766948,0.48187229437229445,0.5527256365014824,0.3636668993126793,0.29992312948786026,0.2511040838238039,0.4874459511653535,0.5456609397885,0.48141735873260366,0.28283821344341864,0.18415879808885052,0.4661315536315536,0.5475866211937549,0.4079734397719659,0.29888261257903886,0.26517055676794143,0.4786938352273345,0.5437665025203181,0.43075317132883245,0.27251755166162267,0.15212383473389562,0.5394916426166426,0.6001704838037397,0.4020853349391286,0.27305803374048826,0.23101738810812852,0.5212497276746547,0.5988884525252078,0.45640620046065633,0.2841715015311801,0.17522878554869054,0.5188973063973065,0.634077809293331,0.4226328124396505,0.3080043716836399,0.2617408099983936,0.5287245824514296,0.6034143417527884,0.4519428746205348,0.2819439086601295,0.1695220060887134,0.5133507696007696,0.6405500676701658,0.34481538992408556,0.301093335833492,0.275690725611976,0.526605722449232,0.5707356312355089,0.3949373481236202,0.2676426458463949,0.16097275041872952,0.5336550024050023,0.5991477023817066,0.3287798353015744,0.2826875471432696,0.22988024988171682,0.5310990179769853,0.5680745457771564,0.41605128087981097,0.2675423962688084,0.1501274588500686,0.5809102934102933,0.609495684555669,0.33563641530393445,0.28065517550701163,0.24031367082330177,0.5186381101983598,0.5935465397167765,0.4216470767355927,0.2865190659880247,0.19770635428432884,0.5904882154882154,0.6458299582812571,0.38144290350172705,0.3021583696255376,0.29474513164985033,0.49740952496213303,0.5848368948225011,0.35924628388338065,0.2637238863128445,0.12675792539016184,0.4645622895622896,0.5796036690087493,0.29983528832633694,0.28112795316684797,0.20942056458446953,0.4766215473086438,0.5593599879389506,0.3987734964293834,0.26537721899436206,0.1391612615031691,0.47929292929292927,0.5846942227775243,0.3294601338559139,0.2786602240517901,0.21337430728847598
BOSCHLTD,462,116,0.5072595012189306,0.5296176302690794,0.35005698637618976,0.26348546106606063,0.15482539662910852,0.4459637188208617,0.49040427826142113,0.4130284502464953,0.27270504078073987,0.22797357517496636,0.5464510340790483,0.5598789216913382,0.3837244283020854,0.2546024457226037,0.13505594318224132,0.5361337868480726,0.5627876554662269,0.45741758241758246,0.2726246392911735,0.23549127902016107,0.484845599533914,0.5104347511826662,0.4251146779629932,0.2687834839365145,0.18425301257559004,0.5417006802721089,0.565626159554731,0.48009203681472584,0.3042688921612321,0.27436361677083243,0.43807009461780505,0.4630147301979431,0.4017331155820832,0.26594448490393774,0.15133786678115455,0.44522108843537417,0.4732957915100773,0.5311897486267234,0.2842785867382935,0.2255607832253729,0.5121759831293079,0.49885091841413404,0.4026161891415629,0.272106798323141,0.15902680652875836,0.49827664399092975,0.44621967979110844,0.4955682272909164,0.2920151042620633,0.2570685334059845,0.48186440291323224,0.47993091180844955,0.43823478317980297,0.26169718594445507,0.13645568549710407,0.38706349206349205,0.40825010307153164,0.5206455309396486,0.2980057955746037,0.2520183576644699,0.5233832909260233,0.5376489911679504,0.4453797311761892,0.26518618805113975,0.16539132937660578,0.4792403628117913,0.5616574761217619,0.3785964035964036,0.2946373866268219,0.28558850909094147,0.47605761810540453,0.49983701296838295,0.3689060166316933,0.2624904636021083,0.16653358916195973,0.35768707482993195,0.46918038971610404,0.34313186813186813,0.2885624475933704,0.29936321607010286,0.5067101891520659,0.5041154079603783,0.4265138447704534,0.26835197673832584,0.15873572556813328,0.4299773242630386,0.4415231197374055,0.5820400887627778,0.2870910464907753,0.24033465260941908,0.4555680738980276,0.4882178310634668,0.4030538855045938,0.2667602338742353,0.14362665840984815,0.4410941043083901,0.44976654298082863,0.5925570228091236,0.2875248171875784,0.24871898832826264,0.5449879339932318,0.558617329406586,0.4150034310238006,0.2568920089235472,0.1471479146580778,0.499875283446712,0.5499909812409812,0.49925294004241366,0.27800361917412114,0.21666970191923718,0.5239355453610112,0.5367968717588759,0.34503488640572805,0.25660159302192503,0.12138034806698873,0.4661111111111111,0.5033576410362125,0.4248199279711885,0.27107744473196016,0.1625911167886302,0.4996593595373129,0.514888894689208,0.33974788750532464,0.257470064831901,0.1224364464638877,0.42631519274376417,0.47682578004006576,0.42110935283204187,0.2755313684405959,0.18365341936342874
BPCL,462,185,0.4577542072407633,0.5117415716788297,0.3275959236182605,0.2703275582572621,0.13991538880084364,0.45800308487808483,0.546883657396525,0.3768538324420677,0.28444026373147496,0.20225901521838355,0.49573672680823716,0.5481452950579657,0.41062663903505564,0.2606874218064971,0.109309767171418,0.5003169746919747,0.5646567031694832,0.40233516483516485,0.256929340237127,0.1845580800865206,0.4799100190639092,0.5153003611142084,0.40185782317971314,0.26105247988588054,0.11223149874436852,0.4817226985976986,0.5267160540077207,0.415044955044955,0.27244691366072465,0.2212622844865349,0.515318263956994,0.52202414682361,0.38744882587659146,0.2672479989791173,0.13900437252921302,0.5235268897768898,0.5119318230011507,0.3006105006105006,0.2747557277065968,0.20024870457497404,0.48180137304586673,0.49448806386072525,0.37848753921255646,0.26836380866640447,0.13369717244633172,0.45910241378991384,0.4844649223325693,0.3963311688311688,0.2672554271061449,0.19728760810376972,0.49508769356967286,0.5113596541019202,0.3306130238290224,0.2585922589438965,0.10264870490817007,0.5069707144707145,0.5049339582375296,0.3883209626630679,0.2628090197126387,0.18655849988537263,0.4982156859264983,0.5476533731822798,0.40132838155825296,0.269205302567659,0.11632836554110862,0.4718552512302513,0.5775565432078037,0.4099400272929685,0.2688172009827471,0.19363893102721635,0.482113970009565,0.5380568873146054,0.38929763302218606,0.2719528329085296,0.1587625098304248,0.45594662282162285,0.5803374867259026,0.3831041181041181,0.2732402007600034,0.22629546586939636,0.5315371722152329,0.5455077254170836,0.3361330008141154,0.2615958102944084,0.12119487795042934,0.5132949573574574,0.509893192319663,0.3079254079254079,0.2690848374821665,0.1755147239187525,0.5539907957751207,0.560854392462463,0.3335113497613497,0.256644259084779,0.10922657119135484,0.5965281362156362,0.5734654465904467,0.357976467976468,0.26663526289083955,0.18488116676145325,0.490178666156498,0.5369411220881748,0.3520808420543051,0.26629239744702526,0.12574581716492214,0.5179037166537166,0.5836563216066017,0.37531039136302297,0.2733112648672947,0.22877843650711643,0.473598162897362,0.5167037181072878,0.2530594333009562,0.2555453587449642,0.07698583250102288,0.4644111444111444,0.5437576861520313,0.22779146141215106,0.25991177123748554,0.13207217947705446,0.48617388999783173,0.530313124860039,0.33342576563590437,0.2568328651901849,0.0839610480852692,0.4463449513449513,0.5192498378814168,0.32795815295815295,0.25946915761152856,0.13827562895816461
BRITANNIA,462,125,0.505604164295021,0.5779123793026816,0.4447523794584213,0.2659481501494786,0.13800287736133746,0.521129950296617,0.6345590500621199,0.5292733257645538,0.25121630376637577,0.18364945853115197,0.47082610759659327,0.5695629207221498,0.4675461898714444,0.2650632724048709,0.14843943971557808,0.5735322804767249,0.6375688159807363,0.597975172975173,0.25866005833151884,0.22155237363544247,0.5604737652835142,0.6093044214008845,0.46306438759608953,0.2538472339804702,0.11867562819273905,0.6413920955587621,0.6795746541417537,0.5175146639852523,0.23721471626433172,0.17565763127654271,0.5444875402921701,0.5879157244764229,0.4360510337715818,0.2689207824137256,0.1529553308329759,0.5266019988242211,0.60939717093517,0.4183802682048296,0.26686942600153124,0.22168133043080915,0.5253449667340332,0.5627869838309654,0.4848440430899313,0.2660549136622889,0.14048223176119523,0.5120357009245898,0.5729646604101942,0.5020890902469849,0.2633507282862141,0.19594256877469113,0.562497382360844,0.5867097234781584,0.40729379186656145,0.2539123182472783,0.12155972369770171,0.5897379883490994,0.615824219699103,0.5373943405522353,0.24270006645514025,0.1851696414354859,0.4802468284054131,0.5590382189514534,0.3990305868925459,0.2690103985861308,0.15046321088984732,0.5727847255625034,0.6389178870057333,0.5286560418139366,0.24931254623184496,0.19159270398483663,0.4624398195830085,0.5489480302473813,0.42832880124747685,0.2793710194924898,0.1772753048668763,0.5063318368873923,0.6028203597045022,0.5461974672500989,0.2691656800558039,0.21837013952741657,0.5290370102563365,0.5751818709558834,0.4111314006449564,0.27216651651339296,0.16230670673635705,0.520663647052536,0.5936538547016577,0.44318287300743436,0.2694319564026515,0.23082565934448437,0.5262716889537417,0.5847676384337839,0.4603618676000616,0.27186346356269825,0.15439132255312027,0.4575563839452728,0.5649837911770967,0.4303016801262415,0.2756741871894108,0.21199079593614042,0.48864014479647466,0.5761196331872548,0.4671285385753168,0.2634410167356568,0.16268536347082355,0.5588717866495645,0.6547935322795265,0.5786630036630036,0.25580131170555326,0.23888740695645097,0.5150940201012973,0.5967173961272103,0.45723660398408417,0.25394513620436293,0.0895784854871323,0.5975068141734808,0.6509739525612541,0.5279682111261058,0.2422300706274785,0.14189558883283235,0.5428541360413417,0.6166993717323765,0.4682688392209403,0.25379464213899616,0.10190214046178828,0.5733398802843247,0.6375661592562747,0.5430342150809987,0.2433707837383625,0.1644774300761355
CANBK,462,151,0.5555003551331588,0.630636400225688,0.5015463142357471,0.28718882853566036,0.19647279689496883,0.4569821844821845,0.6198979589757562,0.4197438585002394,0.30873877367992225,0.2601474458695527,0.5320015935372171,0.6116090354356682,0.4003736477443374,0.26883542514440056,0.15379840850667473,0.5449661449661449,0.6658476788635845,0.45551057504498804,0.2719482236769645,0.21038885627759324,0.5159681676080714,0.6044472816268669,0.4070077682380241,0.2767217556492471,0.16592642991738468,0.5411813186813187,0.6868830971001716,0.4849460645395495,0.28037683413099707,0.23912271617667968,0.4939952929380468,0.5510374997138351,0.5652112914251737,0.2671124388383101,0.15435626385622456,0.4220493395493396,0.5751974317160969,0.5064474626394131,0.28356813069562414,0.23140068760323165,0.5022508960295331,0.5435484974315521,0.3979021181685594,0.26288113177178274,0.13601517998983745,0.47397602397602395,0.5774632209935754,0.4077689932448312,0.26526449734015056,0.172655447987015,0.46602344144441915,0.527689000501456,0.4635220175111994,0.2663713939946999,0.16107511724901213,0.48365884115884117,0.5840444905772959,0.47123709460886015,0.2667429220672701,0.18035284617476377,0.5195982854841894,0.6019516194869138,0.4375217408119443,0.2864202745940575,0.19588598478672706,0.4842898767898767,0.6360961478735372,0.4349529315294974,0.2995656911799849,0.2819763645209021,0.4835866562941261,0.5825923279991793,0.4058183348635784,0.2925436759963597,0.2126920299864162,0.4912642912642913,0.6314316973495295,0.4022293217549335,0.3106930770660152,0.2921158969464073,0.4964807196790895,0.5641883781752701,0.46829792481821125,0.2682077816848674,0.16189380725538322,0.45390401265401265,0.6008522470338595,0.42130127544227175,0.28141843958795154,0.26393355992361756,0.4589228415966034,0.5457842335647203,0.4711256831893911,0.2817557992723426,0.18755444884549716,0.40914807414807414,0.5713889588220282,0.45213659786617116,0.30013951493475993,0.26445939535744545,0.5452084955275041,0.624077840568806,0.458400898955703,0.2873104503646124,0.2025432112882075,0.48244699744699737,0.6290053285741788,0.3872840106557761,0.30638437356943543,0.2732600910886551,0.5483612476770774,0.6204638373046233,0.31650831755559355,0.2621937121372593,0.11941939537291554,0.5085167610167609,0.6415766577349603,0.33155626262033583,0.265672508924565,0.16453765815529947,0.5090487687389159,0.5879206311195556,0.3686580988088231,0.2630050930037663,0.12792420930994453,0.480984570984571,0.6159405820696613,0.37342550448957773,0.26869648666290014,0.1784615959583844
CHOLAFIN,462,140,0.5329167606897443,0.5438843969178774,0.3629401078865558,0.27824662521760485,0.17219653535587717,0.5078012265512265,0.4854685254486842,0.3102297595051218,0.2619368012036043,0.23927543108687058,0.45956435516815863,0.4803612977927557,0.2835099830301049,0.2770028420667982,0.16960418671493363,0.39377405002405,0.40543827498192575,0.31738433332636234,0.2779491911288095,0.20704685448157628,0.45731708922118197,0.4739077327517202,0.22036111235166836,0.2703469009405411,0.17305805197090962,0.450487012987013,0.42741301907968565,0.21855877616747182,0.25195591839789444,0.21171331998975604,0.49777307179946645,0.4953311068116032,0.3156463288983343,0.271403703256234,0.15384216273603282,0.4262503507295174,0.3748446218684314,0.30691812213551345,0.2623498913975522,0.21966915485204838,0.5254680624836512,0.49536928501339195,0.2232605042016807,0.286688316290103,0.18946833650983452,0.5685413159371493,0.4667840647007313,0.25559581320450886,0.2708361970727018,0.20665855957783788,0.49450747685125646,0.4834097474379426,0.24261874846266857,0.26954199387712774,0.1455666634476827,0.5846460638127304,0.44359963229010846,0.342412391687754,0.2523105881705072,0.18126601093183678,0.47428587977476655,0.5048648237312181,0.26863964842975335,0.2724749006643655,0.16213732120602606,0.4158474627224627,0.41627288055859485,0.24247817611662004,0.2618075340952768,0.19801819362575038,0.5001991077281482,0.5227340740128203,0.2766213201545479,0.274820769217175,0.16105978198363777,0.3940771805355139,0.4050698786809898,0.2871175523349436,0.2576849302624581,0.2047064628720475,0.5035294870452932,0.5048522051975733,0.33042542911880685,0.28743497031000975,0.1914954248374849,0.4372219215969215,0.37277679147718834,0.32795031055900625,0.2833016378144996,0.23112534154078723,0.5360913069712144,0.5154218816484448,0.31205926375647375,0.28841082109450145,0.18585373511281683,0.42170715087381755,0.36458973676235584,0.27813887668960136,0.2928111897143423,0.2131720137340491,0.5259906321431236,0.5317007925772604,0.3484691492253527,0.2851795527905509,0.18688084208248928,0.4888843795093795,0.46049417954179855,0.358141590025648,0.28189949629742994,0.2656016437512879,0.5112843340333247,0.5196107993935666,0.18038165676437504,0.25952100931598765,0.11757433953591802,0.4836760461760462,0.4458057044366568,0.26638224899094465,0.25046228118891556,0.18228478702638473,0.4737368258705864,0.4949073759291628,0.18108858411183995,0.26253185115049305,0.12047234379256834,0.4714781746031746,0.44408686000947906,0.23641591902461467,0.2472420811942726,0.16810137867979857
CIPLA,462,149,0.46658293661649036,0.5163106620497712,0.4309747409740071,0.25675217059707794,0.09954297068773303,0.4755673228887515,0.585978395566981,0.4382832080200501,0.25873670250323244,0.08214093509845763,0.5230301175839495,0.5603390901531398,0.4412774763913506,0.25356251695074733,0.10840432482294447,0.4798417851989281,0.5684554619388864,0.478743961352657,0.25680481407435973,0.1375002872371978,0.4862783689595984,0.524051749560942,0.4521155983949192,0.2610646419068874,0.12625126725027505,0.5024707105064248,0.6200131377123406,0.5323617485271621,0.2586524149116508,0.19195628153081132,0.49352592264026757,0.518554411018554,0.4317463901063667,0.2697421823098149,0.16330979848210886,0.5320537432144574,0.5908776689017733,0.4485810963230318,0.26258858634119325,0.21413801860327125,0.5090727081218526,0.5186766996142026,0.5311741085824906,0.2773012615206946,0.15111896122104942,0.42151768535697115,0.5178669592439646,0.4565850815850815,0.27853392152203604,0.22535582799739212,0.47189216591234157,0.4954130859536715,0.44261765247589757,0.27388582547269497,0.1606596900989553,0.4285978406514121,0.5660929309563764,0.5439798296941154,0.25577254185443826,0.16672151031406107,0.526899200303497,0.5700706659717892,0.5052261065423431,0.2590520824248393,0.13117321990977737,0.5231034838177696,0.6167644741845786,0.5353301320528211,0.25989377736765323,0.22370747708266775,0.5113375969422094,0.5353828172086481,0.47647099692148703,0.2581355442932724,0.1282327711560664,0.521871349549921,0.630553745332043,0.5041125541125541,0.26937084123956057,0.19294607959653692,0.5242765473014399,0.5323234913461253,0.4881905947233865,0.26621281015545617,0.1525533098914476,0.4533399470899471,0.5588954727834682,0.41624633684524787,0.27398635174351055,0.21359151789919964,0.5401703023573396,0.5375141482374663,0.4747982395656942,0.2681150424759499,0.14915666247920692,0.4263214629286058,0.5353939633351398,0.48863636363636365,0.2849738877560749,0.20916151407315886,0.4804228185101004,0.5220635857854997,0.4547381424292983,0.25644917961252284,0.11849309816227722,0.4916576479076479,0.5751914180999762,0.46173715863156856,0.2630202916877239,0.15760542874950895,0.4960072649055716,0.540976524560974,0.43015773602189605,0.25372514513272626,0.07943411045439246,0.5101134645777503,0.6335920641676677,0.5083487940630798,0.2500666926281095,0.0959646429739185,0.5089662451485347,0.5364009203444667,0.4326912365790676,0.256236519578822,0.09577293141531754,0.5137785164570879,0.6320639308559476,0.49969078540507106,0.24995225798383008,0.08701459793633921
COALINDIA,462,155,0.5415043204766978,0.5915419547613102,0.4664056928025418,0.25458196892913104,0.09070904250089601,0.5163789682539682,0.5784479397489625,0.3960078449242535,0.2678251638863736,0.1696153503159308,0.48704713803634697,0.5372433512363437,0.5424900479580046,0.2645606907623271,0.12375861866919333,0.5613621794871796,0.5942883806444273,0.48804985863809386,0.2754794467558899,0.18106185176332654,0.5143940118720596,0.5712408727993488,0.5795405032053232,0.26351928718369133,0.14360691262600989,0.5554082722832723,0.5919097456887616,0.5571494792604632,0.272449534129533,0.25210247830909044,0.4813410029204804,0.5339450448117994,0.442102507640033,0.2639138975735267,0.12842503198383637,0.4385016025641026,0.5047519179755358,0.2728225478225478,0.2666686747957911,0.1805846309320838,0.5417986840883177,0.5580746832942691,0.40089362368699444,0.2790671647510459,0.15909818456825137,0.5009035409035408,0.5151444824238941,0.3895000703630734,0.29013972699181806,0.22598881261202963,0.5163081607037024,0.5419031794578406,0.5033436973688946,0.2539819514934231,0.08408857553464513,0.5026617826617826,0.5132316321801914,0.3166796768189957,0.26621113358200293,0.1558741686090608,0.4661793524581472,0.5363857082090554,0.4863277208987017,0.2651962982838553,0.1223758706876999,0.4449999999999999,0.5331707303909551,0.4566564807741278,0.2592739682986954,0.1557962496732064,0.4747373401556108,0.5341025959935093,0.4409768000579308,0.27085004859651524,0.143906340731268,0.4646947496947497,0.5415626263469818,0.40436238112405826,0.2668903182115206,0.1885206913424743,0.49363368488378023,0.5331183503764936,0.3338207272054084,0.2650539156685708,0.13970025797555705,0.4592567155067155,0.5017795147338613,0.2881578947368421,0.27273641715193003,0.20030561531634405,0.5000598859357441,0.5400541900383146,0.3764993905790421,0.26794514315139284,0.14395648523885224,0.43305250305250303,0.5049213927362104,0.2908785209296718,0.2744051380458597,0.18478963469551238,0.5331221278905972,0.5882497057796372,0.5115448542688348,0.25430664070428927,0.11291973221934641,0.5185943223443222,0.5813123523186966,0.4379841649578491,0.26607667605372004,0.1799614834714438,0.5135134454331856,0.5692354013642251,0.45280430323748644,0.25111150280820244,0.06800566520589474,0.549114010989011,0.5911878143590006,0.3557096283489472,0.2585778878120923,0.14233184384486045,0.5406661476762769,0.5994659240240182,0.4461193441357645,0.252041267236068,0.07994902295272341,0.5343505799755799,0.5749563299237347,0.34821779828358773,0.2597753809429938,0.15476672880630152
DABUR,462,131,0.513584284529212,0.5310281988321883,0.2568801189183089,0.2674058060066262,0.138813429302472,0.42826278659611994,0.5752812516701407,0.2795414462081129,0.2635446919140722,0.1881174708150732,0.5274644824255046,0.5384891746440466,0.35331920238744957,0.27152136495109946,0.14178516654066542,0.464538506760729,0.604919918411982,0.3555555555555555,0.27330650723108474,0.18997901242127246,0.4613630554207212,0.4958909222687296,0.30884231210317536,0.26980877717600277,0.1514848584569255,0.4358083480305703,0.5551085708823804,0.21596921596921598,0.30587404177121724,0.27344407665076975,0.5207587910084097,0.5094092700999117,0.3152964078840426,0.2577044921947166,0.10553147780989658,0.5360934744268078,0.5892016243603545,0.2927170868347339,0.2574560108403527,0.11881823525325225,0.48686459691535966,0.4700735474695042,0.2560796327741802,0.2715138068295754,0.12431415565254965,0.47157848324514995,0.5480370324120324,0.31376031376031377,0.27616525631755573,0.19934326932687618,0.4722305986199579,0.4786324426169106,0.2961707220245539,0.27007781599419134,0.15345893908922809,0.4347222222222222,0.5150707574318686,0.27749424065213535,0.2622572646440633,0.1601796358454858,0.5215202463779122,0.5486723836417646,0.3525561626884866,0.2710219952361939,0.14383769128929944,0.48189006466784245,0.6202158768627022,0.3508140008140008,0.28124452789124676,0.25106497340112005,0.5388180467271237,0.5717959801514697,0.2792306288664886,0.2665020673696706,0.15966783325753578,0.4990270429159318,0.6317349721119563,0.2421134421134421,0.279916818761083,0.24686980840835926,0.4801279599782651,0.47805235723152123,0.3284620669876785,0.2657190646098903,0.12049827092095713,0.5232054673721341,0.582447568965426,0.2854317795494266,0.271753607331596,0.17783231699367943,0.5072111434896713,0.49369385165827545,0.3477430101015845,0.2546634260091351,0.08747034770333023,0.5685846560846561,0.5947753249836583,0.36190715602480306,0.26303019355512,0.16281978056535384,0.5405777501138295,0.54651480807815,0.30774021765059556,0.27466034959132,0.167516321063299,0.4710934744268077,0.6135316384820353,0.3560846560846561,0.27549500451147624,0.22980578065876195,0.5222596884907335,0.5399018541180944,0.27177231413088854,0.25466130249092,0.09187919308195872,0.47731040564373894,0.5877618706983787,0.25692579025912354,0.2605788949915919,0.14992821361814634,0.4731209199987233,0.497792961877653,0.2870478545507035,0.25705819886185854,0.11571836485002439,0.42529688418577305,0.5693578210443291,0.24820364820364815,0.2601363980498161,0.14703339341873167
DIVISLAB,462,68,0.5132029106374324,0.5546952128448144,0.36748799678501204,0.2803227272736051,0.17588068461933187,,,,,,0.4937299095641824,0.5443536967128804,0.4310620998238079,0.2707947452824101,0.14774319427012286,,,,,,0.5033774778329985,0.5469617777390653,0.4051208009346432,0.27208507753267686,0.1632508563215618,,,,,,0.5184179178032574,0.5207522640679851,0.46812721554560544,0.26571212864097155,0.151099014917566,,,,,,0.5005980853457339,0.515288713625271,0.405265334756099,0.26722452023820514,0.14027581961287247,,,,,,0.5440394808063067,0.5503783245821908,0.40085791332850157,0.26235570879416664,0.1294541786219455,,,,,,0.5057732982830574,0.538577305889008,0.42422429172871456,0.265050859253418,0.12451926865007452,,,,,,0.5370376817822301,0.5657283570890287,0.4688776090515233,0.26034232966678156,0.12283075683289367,,,,,,0.49421359074477345,0.5063994227562665,0.48895244765171053,0.2612674009688805,0.12192213228423791,,,,,,0.49061619109457405,0.5075839764647202,0.5209560683621931,0.27428801996946317,0.1436435464768742,,,,,,0.5361075632127256,0.5756601465438907,0.42143255735555646,0.2760226880449496,0.16377968876699878,,,,,,0.526947651592237,0.5704833253984567,0.4186014263708262,0.2603637662505467,0.11621384557610591,,,,,,0.5454291327064075,0.5777232546859217,0.43826700103473826,0.2588209389725937,0.11288231328908396,,,,,
DLF,462,113,0.4911176214948145,0.5308087773710842,0.3461299528225835,0.281840847968908,0.17510751196413749,0.4467460317460318,0.540393361048123,0.17970521541950113,0.32100639054650254,0.357911471548735,0.4558938550078901,0.5067699893976043,0.4295823712258597,0.2909448917512237,0.18584086236174047,0.5352721088435374,0.6012165712845985,0.41548927263212976,0.30837286528356234,0.32855366206048114,0.5140011698016084,0.5546289499529767,0.3372711156173629,0.2757016948645201,0.15951422780605815,0.5208956916099774,0.5527657732164534,0.35219542362399503,0.34347583696082307,0.4016361715840457,0.5033048287807059,0.5057645325099674,0.3134250949398504,0.2735839107144231,0.1433558084926642,0.41041383219954647,0.5131003916718202,0.21172161172161172,0.3188540222514714,0.3043870727472258,0.4919340955503236,0.5141688780554703,0.43352935583009794,0.2762205749181218,0.15794411649247533,0.39688208616780046,0.4260349854227406,0.32145949288806425,0.3186680841795497,0.34498712927530745,0.4931458496831303,0.5124311352527502,0.43570364949711615,0.2816954428515761,0.15817172328069204,0.49929138321995464,0.5138802382424831,0.2853798862202224,0.3501420903366733,0.3675375763928762,0.4823805441634388,0.5278804630844268,0.2905741831224786,0.2788098823008234,0.198973004856646,0.629875283446712,0.5793812763200518,0.12811791383219953,0.3175737072051775,0.31330409437544543,0.4929925160122529,0.5263451313025924,0.34606366797297333,0.2767759733918128,0.17182586724632906,0.6403061224489797,0.5773939794773127,0.13073593073593076,0.3182534197508304,0.3198217912991329,0.5046824974895149,0.5186601784464335,0.36587829675840955,0.27837015994639547,0.16973926107657253,0.4896145124716554,0.4860642135642136,0.2732077446363161,0.3188362218515213,0.37228836726793924,0.4920625775296827,0.5185924412626474,0.3105104149797682,0.2750624472462268,0.1714623600323754,0.4170238095238096,0.45135796742939593,0.21428571428571427,0.3329567958702183,0.362318277514109,0.49030425601039634,0.525482191509521,0.41657219092218273,0.29594674693103756,0.20532859049411795,0.5050793650793651,0.5601552658100276,0.2388365602651317,0.3160346185019637,0.36271531992721373,0.47009245124596,0.527088626376921,0.3769519871164352,0.26871530852018083,0.12764512371936734,0.5590136054421768,0.5743417737465356,0.19114219114219114,0.3083766043685059,0.29075724079016474,0.4923722975367712,0.5466199638774569,0.3846874572782897,0.26861316545729536,0.13591735827213233,0.5108730158730158,0.5367477209739114,0.21495171495171497,0.31196961211520147,0.34165316498563847
DMART,462,158,0.5189220942742615,0.518232854364968,0.22412382597037334,0.2646585350251583,0.16005580321445306,0.475406746031746,0.530621873166516,0.1505175983436853,0.28852832724532973,0.25050004186128527,0.5784526157226751,0.5606613911299798,0.38060665645587405,0.27556516046441265,0.19242639295193772,0.6086111111111111,0.6247110429253286,0.4528245913163129,0.26730452611275235,0.20161581130294032,0.4698549713689463,0.4715593328078224,0.24418167441942146,0.2702982691395597,0.16933352797918724,0.40134920634920634,0.45654755132433705,0.20689602794865952,0.29435573934760123,0.2668365983714998,0.5467757351274616,0.5220120743128418,0.30898568053274295,0.264375306432662,0.1560589692895237,0.5619097222222222,0.534833856619571,0.35429049211657915,0.26713998844591913,0.2231092088362896,0.5176490294084141,0.49378925551459574,0.24864064396715854,0.2720903814313729,0.16483091435713665,0.5248958333333333,0.5536960011277239,0.27442224442224444,0.278833082569712,0.247129830497473,0.4889667302495819,0.47908751524726373,0.2712566330941762,0.2649338189953567,0.15572508984847336,0.47299107142857144,0.4814346764346764,0.2388235294117647,0.2692472707918621,0.18965926762840873,0.550108950268221,0.5447230557046804,0.2588700045221784,0.26209574324710255,0.15465409916476716,0.5377777777777777,0.5901677836052835,0.26409624192232883,0.2775704725657173,0.2625232282615427,0.5242701674830158,0.5201322696738624,0.2980856805779914,0.293696861317382,0.1934096101764176,0.4630654761904761,0.5187759066330495,0.26663592446201145,0.32198037891534165,0.3005625366995671,0.4766280847384756,0.46919338824892726,0.32487720224562333,0.271533233341731,0.15617171385434464,0.4677380952380953,0.4872083009583009,0.3685295210614904,0.25992642594595017,0.18686824088174644,0.4934442156741671,0.47341275262336363,0.33168876623572885,0.2645566168186821,0.1345527089624077,0.5094196428571429,0.48890339818911244,0.3693343371604241,0.27178456053758443,0.21318664764910428,0.5816039345875302,0.5643101624915462,0.325598237152686,0.2659024188948677,0.17688287350056708,0.5612996031746033,0.5841723801991658,0.33703720618682254,0.26884009330750436,0.2214716952195991,0.5281581289447216,0.5264082234176379,0.2897441030774364,0.2535191260928031,0.13168452572088257,0.5097222222222222,0.5610588419516991,0.3059288537549407,0.25840235711569265,0.18520767764013585,0.5677168135561453,0.5560030421308487,0.2562495407519733,0.25270935274024564,0.1334255128833636,0.5776388888888888,0.6100326954791241,0.2705170078571613,0.2589867467911099,0.20742970629223384
DRREDDY,462,218,0.45725813216740097,0.5411486324796557,0.3719477207310754,0.28408733660089874,0.1724698015930278,0.4387190190761619,0.6107605692404487,0.38863916645634894,0.2762186268274153,0.20882692120686297,0.5588582857535386,0.601991165959262,0.5216020561733998,0.26737155706544846,0.14614869447959197,0.5772968450200592,0.7008718000438796,0.5286483401625139,0.26376102706549265,0.21787993991436538,0.45505915476291714,0.5130503688842745,0.4392283342196141,0.26701778687932626,0.13790474462311175,0.4691995801817231,0.6164854506823313,0.4667810148452892,0.261773519216788,0.1746600928708702,0.48920640829795836,0.5189253819185394,0.48290461104207444,0.27714768724160616,0.13589882517856186,0.4867071321535607,0.6022248156399358,0.5170719297675406,0.26889864971773536,0.18454505788258974,0.5333406720326,0.5641699191083237,0.5278766474672733,0.2752817261975735,0.1486656399599998,0.5606947491992135,0.6774456569537135,0.5526913754799812,0.25621027626519305,0.19091876522534784,0.5477312978631741,0.5701363618792284,0.4836313753229257,0.2632806170145142,0.13844004801063792,0.5293671160189016,0.6099799339759053,0.5408702204574468,0.25393275978287094,0.13211443899547315,0.5356208523248221,0.5780498658400487,0.44942481643610804,0.27443075097683395,0.15971235118896884,0.5424234396555825,0.6895238700548313,0.4465195932548119,0.2767309328836812,0.2503069935731983,0.4984984350463553,0.5602213039159109,0.4201820929596908,0.27983255226169884,0.17400587994749114,0.4489123426176998,0.6378498738143962,0.43792546150860084,0.28047167094219133,0.24370706406842377,0.5229908175673449,0.5504215077368798,0.45318953816393476,0.268526192185959,0.13569610574851562,0.5138860717655361,0.6374545243344605,0.5006896773692796,0.2564812876227347,0.18328336452233773,0.47196525517881865,0.5235547298563955,0.4140956690177794,0.2866082121393584,0.16843586928217646,0.48545061585240157,0.6057391847840503,0.4462936829967449,0.2739878435474529,0.2304946903441536,0.5121540190244703,0.5569511614340217,0.4909866362646973,0.27272548610624175,0.16304344025867312,0.4931041329702044,0.6315627280796688,0.4814591282968845,0.2651634291274471,0.21889705841092894,0.4638105665653452,0.5273059903558441,0.4093294905791358,0.2581945424578333,0.09781803670511885,0.4546095571095571,0.6214272109074691,0.4280975202626391,0.25048055735888214,0.13157344358714576,0.5300593690892463,0.5896552193406591,0.3980150558543137,0.25854766521417144,0.11129121964216973,0.5392490545169115,0.6881622457340448,0.44299632048956944,0.24960165638244589,0.14262302899248422
EICHERMOT,462,174,0.5323848093671084,0.5750985399677198,0.4145381845792623,0.26874761822144655,0.1556247612955887,0.549013949013949,0.6615586972541293,0.38611682435211847,0.278226425125847,0.2161974729191298,0.45386191433352896,0.5060045915445122,0.33419091563214937,0.26522106687504776,0.12866055495545226,0.4049635549635549,0.5569668603214359,0.3259948949994199,0.28069542231800804,0.20978898410105717,0.48730345721116974,0.5331099228151773,0.4147990219735734,0.26530740025996,0.11342869863419781,0.47282555407555404,0.6057865691473183,0.4047934865272327,0.2738457396013575,0.1917088423956599,0.5100129445359708,0.5299393983416295,0.36623302723545625,0.2786775563961409,0.17855446422028903,0.4920372451622451,0.5840601655162095,0.3374949836488298,0.29801983925644165,0.2680886425759985,0.4724040466963149,0.5108775469159547,0.3629609500188617,0.2715930409585079,0.15147748680782674,0.45998839123839114,0.5556136163050082,0.38245819037674245,0.27986568581609084,0.20323841520944366,0.5133172718894552,0.5334843769398653,0.4194986220985527,0.25606297405235634,0.10150800445854008,0.5637066637066638,0.5882799528174986,0.4834559224147324,0.24835944918959507,0.17588407764994107,0.4905723791256754,0.5314061382375891,0.3519957974581583,0.2909353509990037,0.18547349762327683,0.535202528952529,0.6699882784933151,0.34396135265700484,0.3101606418193702,0.2698191205543418,0.48208851145080517,0.5286446029932831,0.3700891997527449,0.29135488604779936,0.19592008617095047,0.4707493894993895,0.6009737561820894,0.33880482262835204,0.31234265390748406,0.2796513403348906,0.5569339219730409,0.5704655997254314,0.3757553179773767,0.27444538898938536,0.16544944675716736,0.5376942501942502,0.6218825221861659,0.371622495151907,0.29151543507379396,0.23427730505235453,0.5234558070004055,0.5364792206130062,0.3702499445866865,0.27641742539753433,0.16321579525298352,0.4854277666777667,0.5703408144159698,0.31386367255932474,0.29609506307372735,0.2540998228331305,0.5126668824807089,0.548782780498925,0.36819850557785416,0.2710928891807489,0.15612904824762838,0.525013875013875,0.6472054237689338,0.357898461518371,0.2820298760081046,0.21927242634537777,0.495957491601791,0.5381948878762498,0.342052692426251,0.254799555778142,0.09767896589587927,0.49417133792133794,0.6179996955449446,0.33251454427925015,0.25908286181343565,0.13921804786442094,0.5165346260852329,0.5662661529243253,0.3386065807410991,0.2574069226659091,0.11513778122137092,0.5258514633514634,0.6409434333124001,0.318554562053014,0.26425967663730315,0.18299740744982274
GAIL,462,145,0.5362900137698675,0.5673947542908514,0.37976129123635466,0.2825578100108784,0.17226329302110172,0.5205746882086169,0.6223628153623901,0.4298264968296025,0.2875911808436548,0.21970354943942552,0.49475628193167576,0.5569837425426284,0.36200712378854455,0.26641038043452453,0.14174087651324102,0.5256997590702948,0.604736703206091,0.3775473808818039,0.26402999343392464,0.1431556332800346,0.5210252326008148,0.5602086429217316,0.32337314326598643,0.2607269370276178,0.14871644911807336,0.40913170823885103,0.545496171440049,0.2847581340228399,0.2821330635654474,0.24281216179090656,0.5190634295027663,0.5317319835492191,0.42140366765375215,0.2605348626685161,0.15412241750799838,0.5618563397581254,0.6306348163363469,0.41840323288533016,0.25620248132953977,0.20652022821495533,0.5155833488014804,0.5219967857130012,0.3800150785395942,0.2780049306786267,0.16361420609621072,0.5264951814058957,0.5562663290979619,0.38613469999543876,0.2762691645988828,0.17814282477206328,0.4803775325254887,0.5210223779684109,0.43275995022443237,0.2569267771542494,0.11696670129632679,0.4763026738473167,0.5462593661063048,0.40035817002386237,0.2579480771339974,0.14127160536805178,0.49418643948179103,0.5508307933047006,0.3669045385819018,0.25722367894454723,0.12809395179690858,0.5465809240362812,0.6178002475132576,0.3671697105335549,0.24969916172675746,0.11823943691272122,0.4811335218983849,0.5318422644463425,0.33637550692896023,0.25816916738168544,0.11888484041347273,0.5130798847316704,0.6036967945917775,0.33257736052767106,0.25605160249773234,0.13587122565164853,0.47891354572176353,0.5027989176315704,0.3513737981953058,0.27079102256955273,0.13856346409830073,0.44717616213151923,0.5477224711387126,0.3498208571966336,0.2746064639498992,0.19332690235753733,0.5143638516165437,0.5225979594726874,0.33311666338727,0.2610074274318219,0.12441246762808793,0.47486418178382456,0.547179929386562,0.3137200532386868,0.268369570675377,0.18285396870883738,0.49828063072849277,0.5478930792153096,0.35739809707576786,0.27879636874774705,0.1590214723403254,0.5092805177626606,0.6197950500777881,0.41147193585899045,0.27899368179189615,0.18919552671574524,0.48243974631299075,0.540090795916193,0.3247316259383592,0.2586357317373157,0.10685914249529288,0.42772463151927437,0.5694897696470825,0.2949970252298964,0.2601915016596075,0.11125598498061831,0.4980705977008754,0.5348158676430985,0.2984735919999291,0.25826880046186373,0.11827907117830767,0.5011349678760393,0.5939508132960514,0.22278578274001615,0.26009880573522925,0.1380668902183701
GODREJCP,462,126,0.5220446362818232,0.5445270474692933,0.18683765250385168,0.258749496270912,0.13612389145012074,0.5040249433106576,0.6701346768311053,0.24450549450549453,0.28150666153823617,0.28315060185481367,0.516863534381534,0.5143728136739917,0.2075242465746977,0.26014557997528864,0.1318185246360823,0.3716269841269842,0.534442324493345,0.025974025974025976,0.30636837231964026,0.29058486575628023,0.4713381186846117,0.500339055628626,0.22795647735011657,0.2610245684826117,0.13194481888899137,0.4875850340136054,0.6183706575925964,0.22165532879818592,0.29436068991250036,0.3036464269261911,0.5129740643336053,0.48269005643730695,0.15552744395249138,0.25702347524296687,0.10329115174558014,0.4911989795918368,0.579573954956608,0.08163265306122448,0.286105118239165,0.25210073597219307,0.5441907394723794,0.5153216956472089,0.18792316926770708,0.26304178052286864,0.13639396085456373,0.6566751700680271,0.6967369679954712,0.14163614163614163,0.2768394534300169,0.25963474628567174,0.47167602871024433,0.473231639724254,0.2140712935153172,0.2656761341839295,0.15122611716780518,0.48982426303854876,0.5313000774735468,0.2054421768707483,0.2947831470748186,0.25696077295497044,0.5346279809758905,0.5523060180761703,0.22515547161399083,0.2612069725147124,0.12670692022213942,0.5648242630385488,0.6730512228386377,0.16202844774273345,0.28576229532893127,0.2628862013721879,0.5356901045317864,0.5372218017775879,0.18024330614719633,0.26756413471037926,0.1520907804074806,0.5243480725623584,0.5847941473366642,0.1588538445681303,0.3053321577480689,0.33767079179607584,0.5186051356311687,0.4842607230006154,0.16641442880831678,0.25866566425120163,0.124067977522227,0.47780612244897963,0.5912873903307576,0.09285714285714286,0.2901016961236807,0.2815190096052072,0.4874925032525388,0.47102233219570666,0.20713454035861698,0.26447058754008007,0.13559238720120395,0.48673469387755103,0.616437580276866,0.21190476190476187,0.28726060519844804,0.28282256930068334,0.5204291530902774,0.5274134076964169,0.19747000075524757,0.2577378347318857,0.1279175285411224,0.40496031746031746,0.5698137746607134,0.07967032967032968,0.29795831970456954,0.3211758120614673,0.4939963736373103,0.4979066917175125,0.04858622062923138,0.25516251763514336,0.10015363772357216,0.39333900226757373,0.5480181430436533,0.0,0.28330776640174066,0.23725073326882212,0.51273246145467,0.5372427514473856,0.10928611852211173,0.2551391573226447,0.11640804022772724,0.47851473922902493,0.6121170307394798,0.031746031746031744,0.283001163930154,0.2305659390609033
GRASIM,462,264,0.49367757256080047,0.5399503572689665,0.3806769149113902,0.2659767573229262,0.14159073997771174,0.5080561105561106,0.5743449265140154,0.3858245453513996,0.26840241114970065,0.18156328735657243,0.47740255849669405,0.5447753311713306,0.30775412386470186,0.27501469975052917,0.14290637969196587,0.43312294848009125,0.550081580960199,0.3214733983964753,0.2893750161341211,0.1973795521404604,0.4970670238255153,0.538234281335026,0.37181155934779125,0.265678536643597,0.1441873704627449,0.4403858443144157,0.5256668160843692,0.2629895111615789,0.2704366794748957,0.1597463802790349,0.4694799783045509,0.5109106513583526,0.44481441101883706,0.2711973298753854,0.13937905219976146,0.4447980392623249,0.4999894708482199,0.4256230130744326,0.2730516426111522,0.1528996442532515,0.5211757683283798,0.5460473246473164,0.3992311412648904,0.2584285032656963,0.11779200167338905,0.5037965407608265,0.5425668927042031,0.353189081449951,0.2646485406800727,0.14802812165630502,0.4940989747146476,0.5360295487890732,0.4254575332968665,0.26060131195448333,0.12961164005025255,0.4733832437403866,0.5492153402056495,0.3845452652141615,0.2725923298491113,0.2060220939116732,0.5406307426962293,0.5870470567629035,0.4122847333589022,0.27451174351805085,0.166086345853851,0.5187701584130155,0.5668735180513071,0.3615827143678602,0.27940890569516663,0.20927544406105308,0.5109445545771207,0.548802929221435,0.31219553371277514,0.2725503052464323,0.15149205861038514,0.483886074243217,0.5576389427383819,0.28640413521050123,0.27909480173241313,0.17183194422709505,0.5286021257491622,0.5446769309261202,0.43134841284342945,0.2592933637283215,0.10866353260341292,0.5267969728684014,0.5420212510244558,0.44013089011590967,0.2633124621821957,0.14225394255953086,0.5282593712857656,0.5511387658237368,0.4356949035833858,0.2671286520134117,0.14039522032622512,0.5105518291232577,0.5596141482259289,0.44854562501621326,0.27315093891326236,0.17797659246507508,0.49780335992991354,0.5375393093673202,0.36935913104705304,0.2757350378063318,0.1639240048133507,0.4945951270951271,0.5642489277835119,0.3775362395271898,0.28350012463207536,0.20858675357702594,0.4894777928706452,0.5367701873384095,0.3129235176388273,0.2548914732838201,0.09117935506955423,0.44779125636268496,0.53083899390337,0.2975608932130671,0.257998743607192,0.07802779789432973,0.510724959671296,0.5621685935010599,0.3872239029649034,0.25465081281129937,0.10263570539164478,0.4618068043068042,0.5573013833743546,0.3459209258983015,0.25899883435853754,0.12534735585543005
HAL,462,124,0.5389875385437596,0.6040637161473172,0.4855355281476931,0.26572088091536694,0.14259123628480377,0.6286458333333333,0.6552517249615464,0.4469582704876822,0.2758316791054669,0.28042212025805924,0.4969995760841994,0.5743866382238764,0.3815522262463122,0.26984520283063756,0.16359338385866046,0.5215525793650794,0.5873007102024959,0.3712180384974503,0.269325688636585,0.25195945546083953,0.5142461619509001,0.5810439801492037,0.4001715685806815,0.27664539114738657,0.15585303138549242,0.5177331349206349,0.6195243471805971,0.364256250285662,0.30330036558784457,0.2882202111609321,0.47374558825525764,0.5264628902404358,0.45629424095980103,0.27803817718264645,0.16465717999843435,0.49210069444444443,0.5215976285619142,0.37330873162075207,0.30586669871247496,0.25938293572657506,0.45676596295392013,0.5124228785739643,0.41931260193246644,0.2710149179485543,0.13680405156662773,0.5226314484126985,0.5851319687257187,0.3730676328502415,0.28706080733108585,0.27951762014208725,0.5223486434392232,0.5451962847339433,0.38664959288795475,0.2638739712001845,0.1401671050950886,0.4893601190476191,0.5471860084360084,0.3576725562019679,0.28464715039391,0.2759849782226792,0.5045053553955156,0.5831646968018767,0.3591546794961639,0.2695680076628407,0.16132505143755735,0.4098710317460318,0.5321457642886214,0.2829059829059829,0.27550322197730004,0.22731491704677406,0.5139639729625372,0.5834926669748042,0.36936891949998685,0.27952138436250423,0.18461449392290416,0.6033234126984127,0.6896719352076495,0.3575564283684488,0.26792684305814046,0.2569120827856152,0.4885802855671389,0.5435014208513004,0.4530233288220188,0.28645603822547916,0.1773247816533465,0.5577008928571429,0.5953757601525458,0.4791734237554671,0.31885189264453,0.3017224730590218,0.49283376303313936,0.5534356032550775,0.4617954046139327,0.27356313230303547,0.15310592885442878,0.5321056547619047,0.5804607619562977,0.4193331178625296,0.2934876713800207,0.23510926860918646,0.5676747810327699,0.6161539875694156,0.4158582247184439,0.270665946346387,0.16804106514646866,0.6244791666666667,0.6598084405673691,0.4469582704876822,0.2677056007440009,0.2659125895218733,0.545290418084962,0.5926765712989198,0.4247033358193521,0.25956023413414137,0.10528612177446416,0.5437003968253968,0.6264581103420388,0.41447034778236824,0.2720036594848997,0.2007622984987065,0.5369625503993521,0.587469425498249,0.4419186154966747,0.26032558559707536,0.12400523553430218,0.525421626984127,0.611109949491646,0.31479452779762374,0.28000250369251106,0.2450644159209185
