roc_auc,pr_auc,f1,brier,ece,n_samples,pos_rate,reliability_slope,reliability_intercept,n,fold,variant,subset
0.4857543094605921,0.4337738216640392,0.0,0.24820573698034407,0.03393376804085729,1440,0.4437499940395355,1.0,0.0,1440,0,lr_M1_numeric,all
0.4822919665994817,0.4459373791922482,0.0,0.2487043775325304,0.02097453577476016,555,0.4558558464050293,1.0,0.0,555,0,lr_M1_numeric,filing
0.48946597858930296,0.42961439759745196,0.0,0.2478930301933797,0.04206075228971762,885,0.4361581802368164,1.0,0.0,885,0,lr_M1_numeric,no_filing
0.5244432331260416,0.45691722404152235,0.041116005873715125,0.24822595977229073,0.039225859774386265,1440,0.4437499940395355,-5.671502201753615,3.182948602397712,1440,0,lr_M2_visual,all
0.5443289793995236,0.48571466937867624,0.058823529411764705,0.2483214463572188,0.02606613464634066,555,0.4558558464050293,-1.6236791139269422,1.2383425041163822,555,0,lr_M2_visual,filing
0.5135478210306623,0.4430411017602892,0.029339853300733496,0.24816607835462395,0.04747856154655385,885,0.4361581802368164,-9.709028076801918,5.13180103135354,885,0,lr_M2_visual,no_filing
0.48704768491654604,0.4409911501246482,0.0,0.24817849622433852,0.036604701107047,1440,0.4437499940395355,1.0,0.0,1440,0,lr_M3_text,all
0.49506583252624137,0.4579751164921912,0.0,0.24865025276847935,0.024539490941675568,555,0.4558558464050293,1.0,0.0,555,0,lr_M3_text,filing
0.47318471139169527,0.42409085432266913,0.0,0.2478826489000468,0.04417102742833334,885,0.4361581802368164,1.0,0.0,885,0,lr_M3_text,no_filing
0.5007531665230669,0.444002907214782,0.0,0.24817253171482953,0.03655883279896199,1440,0.4437499940395355,1.0,0.0,1440,0,gb_M1_numeric,all
0.5033505222102976,0.4636097890723376,0.0,0.24864919866648943,0.024448517286303262,555,0.4558558464050293,1.0,0.0,555,0,gb_M1_numeric,filing
0.4993094998286729,0.4333305243520176,0.0,0.24787360498243266,0.04415344552447953,885,0.4361581802368164,1.0,0.0,885,0,gb_M1_numeric,no_filing
0.47649749237553213,0.43047350419814334,0.19036144578313252,0.2487699950551528,0.03655124513884554,1440,0.4437499940395355,-1.1181656693945163,0.9808063617912158,1440,0,gb_M2_visual,all
0.47730544721618723,0.44462776354035444,0.2054380664652568,0.24920291330551805,0.02518455468186004,555,0.4558558464050293,-0.778941611174069,0.8305582371997943,555,0,gb_M2_visual,filing
0.4745683075996553,0.42120308356089564,0.18036072144288579,0.2484985039489916,0.04367950628852275,885,0.4361581802368164,-1.3631445707315972,1.0902463600508097,885,0,gb_M2_visual,no_filing
0.4994011788863295,0.44405242706303877,0.044444444444444446,0.2483621167578927,0.03683583521396833,1440,0.4437499940395355,-0.8853724949367725,0.8692474855735117,1440,0,gb_M3_text,all
0.4823835824411695,0.4480192233663321,0.10380622837370242,0.24911014619666363,0.023896117683058597,555,0.4558558464050293,-1.2471243250576856,1.054166184600262,555,0,gb_M3_text,filing
0.5151027443488013,0.44312009618860765,0.0,0.24789301355052787,0.04495059353153702,885,0.4361581802368164,1.0,0.0,885,0,gb_M3_text,no_filing
0.5229163858166337,0.4609204505999316,0.37183098591549296,0.24862264445059176,0.04743093902383475,1440,0.4437499940395355,0.8762944786745724,0.01364032095072193,1440,0,lr_early_M1M2,all
0.5463183519618878,0.48198985882891177,0.3847980997624703,0.248290186374601,0.03541735414486908,555,0.4558558464050293,0.9503060000818833,-0.010354156068264064,555,0,lr_early_M1M2,filing
0.5070244115173352,0.4515630348872154,0.36335403726708076,0.24883113510841653,0.05496487241881716,885,0.4361581802368164,0.8018425595523861,0.04245333578296345,885,0,lr_early_M1M2,no_filing
0.47351901672205515,0.4277264248467366,0.043923865300146414,0.24922404928819972,0.03267513597627584,1440,0.4437499940395355,-1.991501016265841,1.3925511711986411,1440,0,gb_early_M1M2,all
0.4573201057508573,0.4299812327167625,0.022813688212927757,0.2504698015140172,0.019542493023680715,555,0.4558558464050293,-3.016334074331869,1.8898160767975116,555,0,gb_early_M1M2,filing
0.48434952807168746,0.4270252059024347,0.05714285714285714,0.24844281484150063,0.040910885531040816,885,0.4361581802368164,-1.622513580819929,1.210209240070923,885,0,gb_early_M1M2,no_filing
0.5300533956966937,0.4648852473182397,0.3545543584720862,0.2484914508224303,0.04685646547818358,1440,0.4437499940395355,1.2766422390578172,-0.18235304820297216,1440,0,lr_early_all,all
0.550454152815224,0.4800238075356671,0.3798076923076923,0.24838428936192078,0.034922871988308256,555,0.4558558464050293,1.073019052289204,-0.07011663321696404,555,0,lr_early_all,filing
0.515907462593581,0.45998780621715235,0.3371900826446281,0.24855865377224134,0.054340252056947036,885,0.4361581802368164,1.3944915057895426,-0.24783774206444353,885,0,lr_early_all,no_filing
0.4733187584377119,0.4304230629806609,0.018209408194233688,0.2500380775040062,0.029872807263803224,1440,0.4437499940395355,-2.3645036858626383,1.563632848277181,1440,0,gb_early_all,all
0.45435567887338685,0.4354979186025357,0.030534351145038167,0.25159429698845404,0.016874544115129668,555,0.4558558464050293,-0.1779252908250098,0.5399665379507078,555,0,gb_early_all,filing
0.48552026332457665,0.427695782170013,0.010075566750629723,0.2490621432510474,0.0380242440924897,885,0.4361581802368164,-4.367703867595879,2.5072466897093055,885,0,gb_early_all,no_filing
0.5232973649917259,0.45688774211365757,0.021341463414634148,0.2482107796627793,0.03869663911886082,1440,0.4437499940395355,-1.668928481700654,1.2489189480839555,1440,0,late_M1M2,all
0.5429023898646703,0.48479987397618435,0.045283018867924525,0.24834341450025205,0.025556963708159325,555,0.4558558464050293,2.1905232645182258,-0.5986901281771486,555,0,late_M1M2,filing
0.5123822775083846,0.4431190820993041,0.005115089514066497,0.24812760188334723,0.04693677978236422,885,0.4361581802368164,-12.677030981195601,6.560368110160894,885,0,late_M1M2,no_filing
0.5257434466697537,0.457947424149203,0.0,0.24817286029372437,0.03672183657241174,1440,0.4437499940395355,1.0,0.0,1440,0,late_all,all
0.5465931994869513,0.48427596198686795,0.0,0.24863093532157218,0.024575391721749218,555,0.4558558464050293,1.0,0.0,555,0,late_all,filing
0.5145108870590923,0.44407264155879034,0.0,0.24788559290337922,0.04433910667938923,885,0.4361581802368164,1.0,0.0,885,0,late_all,no_filing
0.48797180363356446,0.4319029573504677,0.0,0.24820023862051319,0.03674167908238907,1440,0.4437499940395355,1.0,0.0,1440,0,cross_modal,all
0.4981022432793236,0.45632657266735527,0.0,0.2486608666157467,0.02459801921591731,555,0.4558558464050293,1.0,0.0,555,0,cross_modal,filing
0.4804167921334898,0.417891998835187,0.0,0.24791137021672266,0.04435720267385701,885,0.4361581802368164,1.0,0.0,885,0,cross_modal,no_filing
0.49392407553107787,0.4366490669393345,0.0,0.24626334571027764,0.028560700244794013,1440,0.4305555522441864,1.0,0.0,1440,1,lr_M1_numeric,all
0.4882377464117682,0.4115250925131416,0.0,0.2457890101172594,0.03295977895433644,454,0.4251101315021515,1.0,0.0,454,1,lr_M1_numeric,filing
0.4963740034269962,0.4513598260311924,0.0,0.2464817517541217,0.026535155520097997,986,0.433062881231308,1.0,0.0,986,1,lr_M1_numeric,no_filing
0.45876376868607394,0.40914750061412714,0.0,0.24642056336226476,0.027994833297643462,1440,0.4305555522441864,1.0,0.0,1440,1,lr_M2_visual,all
0.47307089115200607,0.41379205304032296,0.0,0.24573965059398314,0.033251424757817616,454,0.4251101315021515,1.0,0.0,454,1,lr_M2_visual,filing
0.45154026301567285,0.40960061591078456,0.0,0.24673408709127065,0.025574450044766106,986,0.433062881231308,1.0,0.0,986,1,lr_M2_visual,no_filing
0.5238670338316287,0.4530451100459719,0.0,0.24592599986373223,0.03004571818381524,1440,0.4305555522441864,1.0,0.0,1440,1,lr_M3_text,all
0.5297679312330018,0.46307481578073334,0.0,0.2453270923529422,0.033001848663379685,454,0.4251101315021515,1.0,0.0,454,1,lr_M3_text,filing
0.5183771622963388,0.45057375402307437,0.0,0.2462017645796538,0.02868457355689813,986,0.433062881231308,1.0,0.0,986,1,lr_M3_text,no_filing
0.49928894571203775,0.43985673490549015,0.14127423822714683,0.24786296287453138,0.044179853080685234,1440,0.4305555522441864,0.4146082633665049,0.2183143746220005,1440,1,gb_M1_numeric,all
0.5076628352490422,0.4384461554107518,0.15517241379310345,0.24758483806004486,0.04769339406137544,454,0.4251101315021515,-0.11187353534822375,0.46714646998012316,454,1,gb_M1_numeric,filing
0.49602837117133725,0.4440699951591397,0.1346938775510204,0.24799102440168846,0.04412811044434078,986,0.433062881231308,0.5232692392407808,0.20714715858544455,986,1,gb_M1_numeric,no_filing
0.5281422108575924,0.45217368443709344,0.0,0.24567293142290106,0.02989601583649837,1440,0.4305555522441864,1.0,0.0,1440,1,gb_M2_visual,all
0.5252416969408215,0.4350777870557851,0.0,0.24538319622729501,0.035059297917131416,454,0.4251101315021515,1.0,0.0,454,1,gb_M2_visual,filing
0.5304554385759113,0.4625257966466203,0.0,0.24580633890647624,0.027518596537283946,986,0.433062881231308,1.0,0.0,986,1,gb_M2_visual,no_filing
0.4808674272226593,0.4200949396872966,0.0,0.2460103921050625,0.02884907187681346,1440,0.4305555522441864,1.0,0.0,1440,1,gb_M3_text,all
0.4589264089889425,0.40181055060093757,0.0,0.24556995957527655,0.03429899231577821,454,0.4251101315021515,1.0,0.0,454,1,gb_M3_text,filing
0.49339318706455576,0.43014212844716887,0.0,0.24621318761066371,0.02633967102112572,986,0.433062881231308,1.0,0.0,986,1,gb_M3_text,no_filing
0.4497974036191975,0.39463984585319156,0.0,0.24602266343011578,0.028760073189977142,1440,0.4305555522441864,1.0,0.0,1440,1,lr_early_M1M2,all
0.4445238520636055,0.3850782192059259,0.0,0.24557436976515828,0.03417740575142153,454,0.4251101315021515,1.0,0.0,454,1,lr_early_M1M2,filing
0.45190265319887885,0.4010524348810188,0.0,0.24622907856590753,0.026265677300206514,986,0.433062881231308,1.0,0.0,986,1,lr_early_M1M2,no_filing
0.5207700629425649,0.44970313729029643,0.10101010101010101,0.24671034106112452,0.035768874908753655,1440,0.4305555522441864,-0.2991755670051044,0.5857947035682891,1440,1,gb_early_M1M2,all
0.5177873066920771,0.437519258858274,0.11607142857142858,0.24745513745837122,0.04392415816945783,454,0.4251101315021515,-0.3572576261061113,0.6023333999589158,454,1,gb_early_M1M2,filing
0.5225875915925478,0.4584685141816989,0.09381663113006397,0.24636740235488716,0.032754580829817956,986,0.433062881231308,-0.09682855195247111,0.501522820887638,986,1,gb_early_M1M2,no_filing
0.5518273013375296,0.471662783137512,0.0,0.24571278155639545,0.029392761225309594,1440,0.4305555522441864,1.0,0.0,1440,1,lr_early_all,all
0.5584539336549341,0.4512494401758582,0.0,0.24530938346432637,0.03494883087609685,454,0.4251101315021515,1.0,0.0,454,1,lr_early_all,filing
0.5495929918346998,0.49407524431809885,0.0,0.24589852469412296,0.02683448436336694,986,0.433062881231308,1.0,0.0,986,1,lr_early_all,no_filing
0.528491345397325,0.4550243514520607,0.13333333333333333,0.2462228648426703,0.031122364496406027,1440,0.4305555522441864,-0.44141246210713747,0.6249331832641914,1440,1,gb_early_all,all
0.5330732733805809,0.45290175848755965,0.19008264462809918,0.2451625248554796,0.03685449403462394,454,0.4251101315021515,0.17173210496746813,0.29735623866686434,454,1,gb_early_all,filing
0.5265194203432861,0.4594585419075659,0.10460251046025104,0.24671109441080877,0.03493130578457223,986,0.433062881231308,0.15226836321697482,0.3982040145354675,986,1,gb_early_all,no_filing
0.45047600314712827,0.3996505750800104,0.0,0.2463568065561234,0.028164593381788616,1440,0.4305555522441864,1.0,0.0,1440,1,late_M1M2,all
0.45536299207909,0.3966667409800683,0.0,0.24573567858863704,0.03316393101677323,454,0.4251101315021515,1.0,0.0,454,1,late_M1M2,filing
0.4476419501200286,0.40228712341419026,0.0,0.2466428025979477,0.025862661687365673,986,0.433062881231308,1.0,0.0,986,1,late_M1M2,no_filing
0.5282179386309992,0.45280180163466044,0.0,0.246007353815178,0.028899864554878252,1440,0.4305555522441864,1.0,0.0,1440,1,late_all,all
0.5250034740833383,0.4421554839801063,0.0,0.24557090031825743,0.0343874772275547,454,0.4251101315021515,1.0,0.0,454,1,late_all,filing
0.5311425136053425,0.46734701836468356,0.0,0.2462083171900278,0.026373108451619443,986,0.433062881231308,1.0,0.0,986,1,late_all,no_filing
0.49919551534225026,0.4406138933133654,0.03715170278637771,0.2461815557270301,0.030909088872298623,1440,0.4305555522441864,1.0512953347166316,-0.08361048292323336,1440,1,cross_modal,all
0.5103726202529133,0.44166511932993735,0.07582938388625593,0.2455920287194823,0.03812497650063371,454,0.4251101315021515,0.24020665762700388,0.31562931118321313,454,1,cross_modal,filing
0.4950417481870017,0.4443665835918271,0.01839080459770115,0.24645300122543445,0.02758658183089437,986,0.433062881231308,0.9847974104864522,-0.018998813627259747,986,1,cross_modal,no_filing
0.531834321522852,0.5016236124476382,0.0,0.2468195381344784,0.007352260466364224,1548,0.4489664137363434,1.0,0.0,1548,2,lr_M1_numeric,all
0.5204842931937174,0.47572513989657655,0.0,0.24634190977480086,0.0015946130374810408,431,0.443155437707901,1.0,0.0,431,2,lr_M1_numeric,filing
0.5366917838369714,0.5135031538811099,0.0,0.2470038334102358,0.00957386108609054,1117,0.45120859146118164,1.0,0.0,1117,2,lr_M1_numeric,no_filing
0.4933092681774861,0.45018788135113275,0.0028735632183908046,0.24799834958681402,0.008521181574224974,1548,0.4489664137363434,1.623947050276352,-0.2684826400064326,1548,2,lr_M2_visual,all
0.5044829842931937,0.47828967955592017,0.010416666666666666,0.24675699869614665,0.007304026177148207,431,0.443155437707901,4.246915224201191,-1.431584652903252,431,2,lr_M2_visual,filing
0.4877068282451643,0.4413612462023683,0.0,0.2484773309958361,0.009463937920861842,1117,0.45120859146118164,1.0129817277928603,0.0037293288838048944,1117,2,lr_M2_visual,no_filing
0.5024922617591743,0.46415458087215145,0.0,0.24734196524966612,0.0064197574077777585,1548,0.4489664137363434,1.0,0.0,1548,2,lr_M3_text,all
0.5393324607329844,0.4645223219051412,0.0,0.24654045548855097,0.009271710195809949,431,0.443155437707901,1.0,0.0,431,2,lr_M3_text,filing
0.4940994070276289,0.470253793228375,0.0,0.24765123177342677,0.0053193002051583615,1117,0.45120859146118164,1.0,0.0,1117,2,lr_M3_text,no_filing
0.48665648957973123,0.4439809504560016,0.0,0.24742365573750497,0.0052082321316947455,1548,0.4489664137363434,1.0,0.0,1548,2,gb_M1_numeric,all
0.46714659685863874,0.43505105858406135,0.0,0.24677154533470932,0.0006025312304566155,431,0.443155437707901,1.0,0.0,431,2,gb_M1_numeric,filing
0.49409455190450297,0.4490671256357362,0.0,0.24767527577654244,0.007450327798187828,1117,0.45120859146118164,1.0,0.0,1117,2,gb_M1_numeric,no_filing
0.4875707405939258,0.42672800079269213,0.0,0.2478141270907059,0.011772047694458856,1548,0.4489664137363434,3.5875640940648625,-1.1363910155060453,1548,2,gb_M2_visual,all
0.46653577661431067,0.4064444405254371,0.0,0.24826969228966914,0.005187951474264185,431,0.443155437707901,2.300599277139653,-0.5721511323114862,431,2,gb_M2_visual,filing
0.49495067194904063,0.43883816767519235,0.0,0.24763834499513457,0.014312538620484722,1117,0.45120859146118164,4.370980191466218,-1.4813230088545701,1117,2,gb_M2_visual,no_filing
0.5030236069058002,0.4655333180420479,0.0,0.24715804000456137,0.004581451659054492,1548,0.4489664137363434,1.0,0.0,1548,2,gb_M3_text,all
0.5231893542757416,0.45715430191139733,0.0,0.24654738899177572,0.0006009243646604712,431,0.443155437707901,1.0,0.0,431,2,gb_M3_text,filing
0.49697849504130087,0.46802868799882547,0.0,0.24739366273196567,0.0061173416449716855,1117,0.45120859146118164,1.0,0.0,1117,2,gb_M3_text,no_filing
0.533598724771648,0.48579031362555447,0.0028735632183908046,0.2465853658307066,0.011399849795770797,1548,0.4489664137363434,1.0382279801362138,-0.005636734797331344,1548,2,lr_early_M1M2,all
0.5412739965095986,0.4931053354413024,0.010416666666666666,0.2456878720895269,0.00624820350884275,431,0.443155437707901,-0.16517364018570002,0.5139989174557071,431,2,lr_early_M1M2,filing
0.5300985266319688,0.48505537696444434,0.0,0.2469316682500875,0.014424759559246207,1117,0.45120859146118164,1.4909182661802884,-0.20154670252123497,1117,2,lr_early_M1M2,no_filing
0.49327890559767895,0.4510299513533632,0.0,0.24742238471614328,0.00520603265113756,1548,0.4489664137363434,1.0,0.0,1548,2,gb_early_M1M2,all
0.5030104712041885,0.45601541714748567,0.0,0.24676807138004045,0.0006101563010996736,431,0.443155437707901,1.0,0.0,431,2,gb_early_M1M2,filing
0.4899094357699578,0.4499646073828094,0.0,0.24767485476794304,0.0074502218085233385,1117,0.45120859146118164,1.0,0.0,1117,2,gb_early_M1M2,no_filing
0.5397707625224557,0.4889475368075983,0.017069701280227598,0.24634907931611397,0.013091470484158494,1548,0.4489664137363434,3.0407387219718154,-0.8213711961842609,1548,2,lr_early_all,all
0.5542975567190227,0.4974482469382602,0.020618556701030927,0.24518733130365733,0.01455136145309529,431,0.443155437707901,1.3000529695636651,-0.11489708574455726,431,2,lr_early_all,filing
0.5348727310391258,0.48799796824707214,0.015717092337917484,0.2467973455590583,0.012528174972356549,1117,0.45120859146118164,3.4677093103445498,-0.9974907947764404,1117,2,lr_early_all,no_filing
0.5273482503563386,0.4774224571039122,0.08835341365461848,0.24659195552006058,0.004623674278393688,1548,0.4489664137363434,1.450817085398364,-0.1587942438673754,1548,2,gb_early_all,all
0.518989965095986,0.4575252449094265,0.020618556701030927,0.24694524325010947,0.003764910513428261,431,0.443155437707901,0.9446007503860062,0.026993650900065613,431,2,gb_early_all,filing
0.5316699681503922,0.4870585104811548,0.11211573236889692,0.2464556376940525,0.006773088311768972,1117,0.45120859146118164,1.335045014800124,-0.10340809838772813,1117,2,gb_early_all,no_filing
0.4988032083125996,0.45652984727814416,0.0,0.2476042461740884,0.007554423463036982,1548,0.4489664137363434,1.5677757139557642,-0.24338349521415115,1548,2,late_M1M2,all
0.5072643979057592,0.4837144736390399,0.0,0.2465605857927663,0.0036683068858379287,431,0.443155437707901,1.0,0.0,431,2,late_M1M2,filing
0.49422564022890286,0.4471473530432297,0.0,0.24800694771782145,0.009491403977762106,1117,0.45120859146118164,0.4710787044460922,0.24312501418719418,1117,2,late_M1M2,no_filing
0.49612286723961985,0.4538661164540515,0.0,0.24742902787932722,0.005413281398770731,1548,0.4489664137363434,1.0,0.0,1548,2,late_all,all
0.5048429319371728,0.4808963943443987,0.0,0.24671660679399657,0.00039384629584166,431,0.443155437707901,1.0,0.0,431,2,late_all,filing
0.49130609285584814,0.44449814762540074,0.0,0.2477039190948845,0.007653974224879567,1117,0.45120859146118164,1.0,0.0,1117,2,late_all,no_filing
0.49839331348520244,0.43832469424745585,0.0,0.2474210811755125,0.005660721833385229,1548,0.4489664137363434,1.0,0.0,1548,2,cross_modal,all
0.493564572425829,0.4428228887557428,0.0,0.24680492253181077,6.367813115865095e-05,431,0.443155437707901,1.0,0.0,431,2,cross_modal,filing
0.4988736114347859,0.4382086589065337,0.0,0.24765882904967132,0.007820352707194778,1117,0.45120859146118164,1.0,0.0,1117,2,cross_modal,no_filing
0.5179239210804887,0.46650980709206596,0.0,0.24676230468270138,0.01186127908213147,1512,0.4424603283405304,1.0,0.0,1512,3,lr_M1_numeric,all
0.5027322404371584,0.43497820483568267,0.0,0.24548688093353654,0.0020079502043517383,430,0.43255814909935,1.0,0.0,430,3,lr_M1_numeric,filing
0.5243590940041546,0.48224247687293925,0.0,0.24726917364031772,0.015777113011442856,1082,0.4463955760002136,1.0,0.0,1082,3,lr_M1_numeric,no_filing
0.46258291708557414,0.41898903606255467,0.0,0.24852660904444487,0.012857525039621629,1512,0.4424603283405304,-1.2947149644344975,0.9986734539799093,1512,3,lr_M2_visual,all
0.4862286268288384,0.4378005841644181,0.0,0.24633132295387364,0.006414570411076357,430,0.43255814909935,-0.36851754004335346,0.5904834385887554,430,3,lr_M2_visual,filing
0.4514200686444281,0.41263813021691803,0.0,0.24939904251851666,0.01637127877121264,1082,0.4463955760002136,-1.7339949515772761,1.1920555165704965,1082,3,lr_M2_visual,no_filing
0.497513152365298,0.4355755605684044,0.0,0.24769075775562743,0.019880056451615134,1512,0.4424603283405304,1.3160329858803232,-0.11366924315342275,1512,3,lr_M3_text,all
0.5414242904988542,0.46655669174870007,0.0,0.24538774422466075,0.027955572548488915,430,0.43255814909935,1.579769856453942,-0.2066207971427928,430,3,lr_M3_text,filing
0.4750118382258906,0.43043157840942375,0.0,0.24860600342874734,0.018990602576197453,1082,0.4463955760002136,2.421539060733117,-0.5941998337719174,1082,3,lr_M3_text,no_filing
0.49591288142745943,0.4440680919917672,0.0,0.24724498516245577,0.011059042463440822,1512,0.4424603283405304,-0.7907507700139791,0.7851580400964413,1512,3,gb_M1_numeric,all
0.492838885950996,0.440584986924897,0.0,0.2456789832374092,0.0021636014156070655,430,0.43255814909935,0.6528107470330574,0.15102143506184074,430,3,gb_M1_numeric,filing
0.4972469644023683,0.4472193534252648,0.0,0.24786733343211384,0.01468456767550932,1082,0.4463955760002136,-1.3833569153229544,1.0452121341624956,1082,3,gb_M1_numeric,no_filing
0.5254225867825599,0.45143834051504467,0.0,0.24682771134834824,0.011903369707310374,1512,0.4424603283405304,1.0,0.0,1512,3,gb_M2_visual,all
0.5377005111933721,0.4441277785761772,0.0,0.24545108482554148,0.0019935509871244483,430,0.43255814909935,1.0,0.0,430,3,gb_M2_visual,filing
0.5204377896908926,0.4574851480256007,0.0,0.24737479952284633,0.015841653389149113,1082,0.4463955760002136,1.0,0.0,1082,3,gb_M2_visual,no_filing
0.4898797270053036,0.43879462300375716,0.0,0.2476323862380454,0.013035014697435933,1512,0.4424603283405304,-0.8616203566480937,0.8124618914640993,1512,3,gb_M3_text,all
0.47142164639520534,0.41280367729021544,0.0,0.24697384349405627,0.012218801946693555,430,0.43255814909935,-0.2666855266126739,0.5446565753728355,430,3,gb_M3_text,filing
0.4944092466049352,0.4459859174313368,0.0,0.24789409915848473,0.013359378457554411,1082,0.4463955760002136,-2.229944009488136,1.4120419936645636,1082,3,gb_M3_text,no_filing
0.5022456987731552,0.45893969549300906,0.014727540500736377,0.2471009221750486,0.011359120117888852,1512,0.4424603283405304,0.6126170757021957,0.18510570488975142,1512,3,lr_early_M1M2,all
0.5097831835007932,0.4582836123258984,0.020942408376963352,0.24547778337304055,0.0056170988012916616,430,0.43255814909935,-0.12562747965017942,0.47159614829133767,430,3,lr_early_M1M2,filing
0.4989440648147188,0.46362060822489465,0.012295081967213115,0.24774597733665987,0.014518611209654982,1082,0.4463955760002136,1.43938522884727,-0.14268003198996448,1082,3,lr_early_M1M2,no_filing
0.5162615897738696,0.4497491590946967,0.0,0.24683053289041873,0.011905692070779295,1512,0.4424603283405304,1.0,0.0,1512,3,gb_early_M1M2,all
0.5259232328573946,0.4425481828627184,0.0,0.24545427566587322,0.002001038346607864,430,0.43255814909935,1.0,0.0,430,3,gb_early_M1M2,filing
0.5126660375988967,0.45441560543487963,0.0,0.24737747430128243,0.01584192312019095,1082,0.4463955760002136,1.0,0.0,1082,3,gb_early_M1M2,no_filing
0.5028060152455729,0.4527159627095406,0.020558002936857563,0.2475686016922269,0.01706869557706835,1512,0.4424603283405304,1.2451354761523752,-0.06418840301407214,1512,3,lr_early_all,all
0.5258461131676362,0.46564351842895607,0.021052631578947368,0.24514279645705717,0.019822719586500538,430,0.43255814909935,0.700230351766944,0.14342371157894862,430,3,lr_early_all,filing
0.49152313897904376,0.4497698311613184,0.020366598778004074,0.24853264628661048,0.016047344306915515,1082,0.4463955760002136,1.4384556622050242,-0.1298139456746603,1082,3,lr_early_all,no_filing
0.49283646028934325,0.436596111176933,0.0,0.24683057943005973,0.011891554856197695,1512,0.4424603283405304,1.0,0.0,1512,3,gb_early_all,all
0.4810395734179446,0.42244183780106587,0.0,0.24545534026339488,0.0019853411664658704,430,0.43255814909935,1.0,0.0,430,3,gb_early_all,filing
0.49733855943480676,0.44319942175774196,0.0,0.2473771162523018,0.015828405854954042,1082,0.4463955760002136,1.0,0.0,1082,3,gb_early_all,no_filing
0.46258291708557414,0.41898903606255467,0.0,0.24852660904444487,0.012857525039621629,1512,0.4424603283405304,-1.2947149644344975,0.9986734539799093,1512,3,late_M1M2,all
0.4862286268288384,0.4378005841644181,0.0,0.24633132295387364,0.006414570411076357,430,0.43255814909935,-0.36851754004335346,0.5904834385887554,430,3,late_M1M2,filing
0.4514200686444281,0.41263813021691803,0.0,0.24939904251851666,0.01637127877121264,1082,0.4463955760002136,-1.7339949515772761,1.1920555165704965,1082,3,late_M1M2,no_filing
0.47044773896345,0.41983392752738136,0.0,0.24710863010289852,0.013271085753953804,1512,0.4424603283405304,1.0,0.0,1512,3,late_all,all
0.5043187026264764,0.44626324182612565,0.0,0.24540802251194588,0.006247357035589374,430,0.43255814909935,1.0,0.0,430,3,late_all,filing
0.45095172423328045,0.41445117092447786,0.0,0.24778447230632702,0.016062402059837666,1082,0.4463955760002136,1.0,0.0,1082,3,late_all,no_filing
0.4699530291666002,0.4215657235336612,0.0,0.24718319860665125,0.0134707646308707,1512,0.4424603283405304,1.0,0.0,1512,3,cross_modal,all
0.49559316058522823,0.435191649852562,0.0,0.24554574340526256,0.008687573444067108,430,0.43255814909935,1.0,0.0,430,3,cross_modal,filing
0.45283547112682626,0.41810967578183766,0.0,0.24783394328003122,0.015371680927380338,1082,0.4463955760002136,1.0,0.0,1082,3,cross_modal,no_filing
0.5060545551138549,0.47200697705683986,0.03183791606367583,0.2508365435223442,0.03574752266372624,1404,0.4722222089767456,-0.3213519819095197,0.5801280436141245,1404,4,lr_M1_numeric,all
0.512327764269093,0.49772685520055227,0.05235602094240838,0.250362646510554,0.028338917423582743,392,0.46683672070503235,1.048778990517039,0.05899179561146345,392,4,lr_M1_numeric,filing
0.5026472431077694,0.46624779344912326,0.024,0.251020108372761,0.04049850357175436,1012,0.4743083119392395,-0.8403550164341,0.776499046729957,1012,4,lr_M1_numeric,no_filing
0.5257316047980491,0.4955903528416697,0.0,0.2494996609046368,0.024758478847384136,1404,0.4722222089767456,1.0,0.0,1404,4,lr_M2_visual,all
0.5038172928595707,0.4731402277095675,0.0,0.24954909161236882,0.019633005694587258,392,0.46683672070503235,1.0,0.0,392,4,lr_M2_visual,filing
0.5338404605263158,0.5065386463853098,0.0,0.24948051383207656,0.026743864491088398,1012,0.4743083119392395,1.0,0.0,1012,4,lr_M2_visual,no_filing
0.4910224860212952,0.45828018744264976,0.0,0.24981451463872298,0.023543619493853918,1404,0.4722222089767456,1.0,0.0,1404,4,lr_M3_text,all
0.5186027662300311,0.49104704279304223,0.0,0.24919488121596886,0.01936733446953498,392,0.46683672070503235,1.0,0.0,392,4,lr_M3_text,filing
0.4741619674185464,0.44949367153321607,0.0,0.2500545307471416,0.025161335427712872,1012,0.4743083119392395,1.0,0.0,1012,4,lr_M3_text,no_filing
0.48962410667578565,0.4629283929644942,0.08719346049046321,0.2510231618149944,0.030911935659642228,1404,0.4722222089767456,-0.37088760289606143,0.6423957336715483,1404,4,gb_M1_numeric,all
0.42090882945067587,0.42197649405622645,0.06862745098039216,0.25350183223870315,0.03819009376147176,392,0.46683672070503235,-2.918184915975687,1.8313612328800672,392,4,gb_M1_numeric,filing
0.5162241541353384,0.4812379350398398,0.09433962264150944,0.2500630444176685,0.0297904483070608,1012,0.4743083119392395,1.2151932225124586,-0.11365583823911163,1012,4,gb_M1_numeric,no_filing
0.49024594785490233,0.4632156139674551,0.0,0.2500876061758817,0.023453123603694025,1404,0.4722222089767456,1.0,0.0,1404,4,gb_M2_visual,all
0.4702721782100557,0.4459451982223652,0.0,0.2500214323479622,0.01854992925232767,392,0.46683672070503235,1.0,0.0,392,4,gb_M2_visual,filing
0.49791470864661647,0.47139663161680967,0.0,0.25011323872582686,0.025352389486417937,1012,0.4743083119392395,1.0,0.0,1012,4,gb_M2_visual,no_filing
0.5235597405161587,0.49200114685704993,0.12598425196850394,0.2505241310579151,0.03864827968377688,1404,0.4722222089767456,0.6128282705277316,0.21668862266712247,1404,4,gb_M3_text,all
0.4996470311396972,0.46264222673107425,0.1565217391304348,0.25339419545472985,0.06741814049536723,392,0.46683672070503235,-0.02286280640820277,0.45239811487671844,392,4,gb_M3_text,filing
0.5358493890977444,0.5070335477877408,0.11278195488721804,0.24941240650895125,0.027504217890950144,1012,0.4743083119392395,0.9951155274004816,0.027076058084261,1012,4,gb_M3_text,no_filing
0.5255606239173756,0.4980825788335334,0.0,0.24952701340761593,0.023818403224630025,1404,0.4722222089767456,1.0,0.0,1404,4,lr_early_M1M2,all
0.5017909901430179,0.47287949850973465,0.0,0.2492829804746211,0.018218040172970185,392,0.46683672070503235,1.0,0.0,392,4,lr_early_M1M2,filing
0.5352600250626567,0.5112397021237464,0.0,0.24962153999826206,0.025987738315324638,1012,0.4743083119392395,1.0,0.0,1012,4,lr_early_M1M2,no_filing
0.5202856601999254,0.4829407534260958,0.0,0.24939844004446393,0.023273569327676658,1404,0.4722222089767456,1.0,0.0,1404,4,gb_early_M1M2,all
0.5415980338327189,0.49014721127790595,0.0,0.2484065396526856,0.018081247447168658,392,0.46683672070503235,1.0,0.0,392,4,gb_early_M1M2,filing
0.5123453164160401,0.4820051781345009,0.0,0.24978265442546904,0.025284848944960525,1012,0.4743083119392395,1.0,0.0,1012,4,gb_early_M1M2,no_filing
0.5284672988888279,0.49161074550794404,0.0,0.2495322169572394,0.023401831084989888,1404,0.4722222089767456,1.0,0.0,1404,4,lr_early_all,all
0.4925615080921379,0.4541887656908073,0.0,0.2493263854925328,0.0167605602709891,392,0.46683672070503235,1.0,0.0,392,4,lr_early_all,filing
0.5424263784461153,0.5165399844393871,0.0,0.24961194614119692,0.0259743636488442,1012,0.4743083119392395,1.0,0.0,1012,4,lr_early_all,no_filing
0.5206937752782002,0.4844936260172356,0.029498525073746312,0.24939709921381228,0.024387912496272937,1404,0.4722222089767456,2.0316116001525324,-0.3997167520432233,1404,4,gb_early_all,all
0.5191126101393574,0.48252552474703403,0.0,0.24903440324661238,0.02199384556073845,392,0.46683672070503235,1.2434240771596408,-0.08629162391141809,392,4,gb_early_all,filing
0.5204162750626566,0.48645480674022856,0.04040404040404041,0.24953759014181856,0.025315269566426806,1012,0.4743083119392395,1.847970194449372,-0.3094871453539012,1012,4,gb_early_all,no_filing
0.5064189072286238,0.4723197000517974,0.020558002936857563,0.2507103687062763,0.03351501795641125,1404,0.4722222089767456,-0.18504563919770045,0.5118642878661456,1404,4,late_M1M2,all
0.5132690145632337,0.4977594171964381,0.031746031746031744,0.2502679572383994,0.02662524705018343,392,0.46683672070503235,0.3567847107852033,0.3158491798664532,392,4,late_M1M2,filing
0.5029644423558897,0.46650459253075727,0.016260162601626018,0.25088173757525617,0.03618377348891481,1012,0.4743083119392395,-0.47412256026055766,0.6194896362508031,1012,4,late_M1M2,no_filing
0.5075974540132673,0.4741795259321104,0.0,0.2497973865054449,0.02575641714058874,1404,0.4722222089767456,1.0,0.0,1404,4,late_all,all
0.5129552644651868,0.49736759118014756,0.0,0.24932997261596285,0.020838654197344875,392,0.46683672070503235,1.0,0.0,392,4,late_all,filing
0.5046052631578948,0.4679831670185637,0.0,0.24997844010690437,0.02766134586517749,1012,0.4743083119392395,1.0,0.0,1012,4,late_all,no_filing
0.5101519897899989,0.4828468423995983,0.032116788321167884,0.24979874727556117,0.028669253445201836,1404,0.4722222089767456,0.7786756741570874,0.1072368156948566,1404,4,cross_modal,all
0.47611577378617925,0.4401016484959476,0.0106951871657754,0.2508957202135962,0.03190885112074015,392,0.46683672070503235,0.5875880956795491,0.21083971018881115,392,4,cross_modal,filing
0.5255795739348371,0.5026813453767837,0.040160642570281124,0.24937383285687562,0.031004755149222935,1012,0.4743083119392395,1.0787150065615656,-0.00515553896564902,1012,4,cross_modal,no_filing
0.5024090186707522,0.5691423535850244,0.0,0.26036994150862347,0.1175826806823867,1332,0.5593093037605286,1.0,0.0,1332,5,lr_M1_numeric,all
0.5061948656953117,0.621955933727666,0.0,0.26326654383965353,0.14113293134468813,407,0.5798525810241699,1.0,0.0,407,5,lr_M1_numeric,filing
0.5031878116971438,0.554181733519762,0.0,0.2590954364829703,0.10722056800678814,925,0.5502702593803406,1.0,0.0,925,5,lr_M1_numeric,no_filing
0.5123126350571099,0.5654561923109999,0.12128418549346016,0.2605113558781549,0.11678666896203446,1332,0.5593093037605286,-0.4609942762879121,0.7533294846233647,1332,5,lr_M2_visual,all
0.5086728119734365,0.5645063491842508,0.14893617021276595,0.2632819851333089,0.1479579876896512,407,0.5798525810241699,-0.6176428229958487,0.8025975464965533,407,5,lr_M2_visual,filing
0.5103592073447182,0.5714620306423523,0.1073345259391771,0.259292279005887,0.10840102339864856,925,0.5502702593803406,0.19897782357295785,0.48387518415861513,925,5,lr_M2_visual,no_filing
0.5224929398717172,0.5705026836868938,0.0,0.2601285379099042,0.11688162257466761,1332,0.5593093037605286,1.0,0.0,1332,5,lr_M3_text,all
0.4885271087322827,0.5684309804088391,0.0,0.2623790436404731,0.13690606206884992,407,0.5798525810241699,1.0,0.0,407,5,lr_M3_text,filing
0.5252285779053952,0.5655361959403972,0.0,0.2591383153884539,0.10807086681304151,925,0.5502702593803406,1.0,0.0,925,5,lr_M3_text,no_filing
0.5023175514217441,0.5511816081369919,0.0815822002472188,0.26238336409578716,0.12363771082234361,1332,0.5593093037605286,0.389673668085153,0.348708069709299,1332,5,gb_M1_numeric,all
0.5205050054514817,0.5904423932361975,0.07171314741035857,0.2648920339335208,0.14884673018715214,407,0.5798525810241699,0.6729655828004819,0.26844302003025533,407,5,gb_M1_numeric,filing
0.49669412120296214,0.5390370873712191,0.08602150537634409,0.2612795493671844,0.1151655353435342,925,0.5502702593803406,0.33129299583299454,0.35875104925707785,925,5,gb_M1_numeric,no_filing
0.4644180967952163,0.5372439225028263,0.0,0.2601269882471583,0.11677123785748184,1332,0.5593093037605286,1.0,0.0,1332,5,gb_M2_visual,all
0.4181286549707603,0.5391314499356494,0.0,0.2624965580753413,0.13731287508610834,407,0.5798525810241699,1.0,0.0,407,5,gb_M2_visual,filing
0.48260399350158684,0.5380948505445456,0.0,0.2590843775227578,0.10773291509270044,925,0.5502702593803406,1.0,0.0,925,5,gb_M2_visual,no_filing
0.5034494586282199,0.5608397781571601,0.0,0.2602206724930764,0.11689082242196286,1332,0.5593093037605286,1.0,0.0,1332,5,gb_M3_text,all
0.5317053226286054,0.6035159595616986,0.0,0.26308256418498477,0.14050732653494968,407,0.5798525810241699,1.0,0.0,407,5,gb_M3_text,filing
0.4986304216412272,0.5479485160913383,0.0,0.25896144014863676,0.10649955822806284,925,0.5502702593803406,1.0,0.0,925,5,gb_M3_text,no_filing
0.4903124749894241,0.5513180279909906,0.0,0.26132153777484934,0.12032807113371016,1332,0.5593093037605286,-0.42239576940414747,0.7447331314906561,1332,5,lr_early_M1M2,all
0.493879472693032,0.5599474682838472,0.0,0.2641253241090093,0.14302586590457414,407,0.5798525810241699,1.5731364710610478,-0.10733547084219563,407,5,lr_early_M1M2,filing
0.4949325600725405,0.55253524021203,0.0,0.260087871787819,0.1103410484582124,925,0.5502702593803406,-1.8839092500667172,1.3790570354837919,925,5,lr_early_M1M2,no_filing
0.5007534614637047,0.5491469457224838,0.0,0.26030465633968985,0.11779883284946355,1332,0.5593093037605286,1.4645842235139863,-0.08731995887912303,1332,5,gb_early_M1M2,all
0.46126969967291115,0.5495338577152759,0.0,0.2631689328144785,0.13996002403978697,407,0.5798525810241699,2.754078531526382,-0.6316460766200696,407,5,gb_early_M1M2,filing
0.5197715165482848,0.5519121274205099,0.0,0.2590443746907828,0.1080479231919296,925,0.5502702593803406,0.7301828436716957,0.22736710638689978,925,5,gb_early_M1M2,no_filing
0.48643426363147846,0.5501739802742294,0.0,0.2616523003430939,0.12103183937283443,1332,0.5593093037605286,1.103737512942405,0.07556599768299127,1332,5,lr_early_all,all
0.502205372187531,0.5645173949380052,0.0,0.2652448298251211,0.14818230033935476,407,0.5798525810241699,4.639770845655578,-1.428681191436461,407,5,lr_early_all,filing
0.491697521535439,0.549694063168648,0.0,0.2600715873710019,0.109624556588517,925,0.5502702593803406,-1.9984123010013644,1.4308620781610335,925,5,lr_early_all,no_filing
0.5009569760927477,0.5629044034223591,0.0,0.26012773431736574,0.11683134143072221,1332,0.5593093037605286,1.0,0.0,1332,5,gb_early_all,all
0.48894835959956395,0.575191260749593,0.0,0.26249141039090895,0.13738118001120747,407,0.5798525810241699,1.0,0.0,407,5,gb_early_all,filing
0.5060757329605562,0.5579336782723173,0.0,0.2590877168450067,0.10778941007112292,925,0.5502702593803406,1.0,0.0,925,5,gb_early_all,no_filing
0.5129780592936442,0.5656449778070195,0.0583756345177665,0.2601233459755681,0.11531252319124842,1332,0.5593093037605286,0.3960392497095449,0.33610719120100874,1332,5,late_M1M2,all
0.5107047279214987,0.5661535646876459,0.07722007722007722,0.26284890076453277,0.14871156443109484,407,0.5798525810241699,0.19391064294970406,0.3658730378467343,407,5,late_M1M2,filing
0.5119483905092942,0.5719046449268242,0.04914933837429111,0.25892410186842363,0.10779753948035373,925,0.5502702593803406,1.2108988845492936,0.022653615088274348,925,5,late_M1M2,no_filing
0.5132021540537142,0.5657951583017096,0.0,0.2599292969604283,0.11628730028124878,1332,0.5593093037605286,1.0,0.0,1332,5,late_all,all
0.5101843592030925,0.5658888577376981,0.0,0.26234760948568014,0.1361422928268179,407,0.5798525810241699,1.0,0.0,407,5,late_all,filing
0.5123592640169261,0.5717750534630031,0.0,0.2588652394493175,0.10755110117701244,925,0.5502702593803406,1.0,0.0,925,5,late_all,no_filing
0.5132478876782183,0.567669586137859,0.0,0.26009743319285,0.11823933743814517,1332,0.5593093037605286,1.0,0.0,1332,5,cross_modal,all
0.525993656457528,0.580910572556834,0.0,0.2625295399145506,0.14056491415749284,407,0.5798525810241699,1.0,0.0,407,5,cross_modal,filing
0.5094170318875624,0.5699936194711107,0.0,0.25902730623530185,0.10841607852663582,925,0.5502702593803406,1.0,0.0,925,5,cross_modal,no_filing
0.5112820087777462,0.5860990478808044,0.2396135265700483,0.2565349170505223,0.10848134127615933,1440,0.574999988079071,1.1707329963600726,0.002376469632252798,1440,6,lr_M1_numeric,all
0.47852178794742245,0.539420830256472,0.2433234421364985,0.257673681626275,0.09997760331593322,458,0.5611353516578674,-0.9225270671410437,0.9959440625566163,458,6,lr_M1_numeric,filing
0.5277078246641186,0.6141624675948347,0.23782234957020057,0.2560038028186539,0.11549855022677903,982,0.5814663767814636,0.40311345372823754,0.42354706253568886,982,6,lr_M1_numeric,no_filing
0.4849941586940735,0.5670210811925365,0.0,0.25489680433209017,0.10236661712464035,1440,0.574999988079071,1.0,0.0,1440,6,lr_M2_visual,all
0.45478831523317265,0.525631797347791,0.0,0.25421716795150906,0.08832528727879418,458,0.5611353516578674,1.0,0.0,458,6,lr_M2_visual,filing
0.49922447918664054,0.5914599601135109,0.0,0.2552137834179416,0.10891541477661154,982,0.5814663767814636,1.0,0.0,982,6,lr_M2_visual,no_filing
0.48157620536137163,0.5613295981760031,0.0,0.255177575321202,0.10303057727838849,1440,0.574999988079071,1.0,0.0,1440,6,lr_M3_text,all
0.49966122693923376,0.5605266606515631,0.0,0.25507683276865273,0.09351802952722033,458,0.5611353516578674,1.0,0.0,458,6,lr_M3_text,filing
0.4573996190573587,0.5587138963511409,0.0,0.2552245611552831,0.10746717309801501,982,0.5814663767814636,1.0,0.0,982,6,lr_M3_text,no_filing
0.49383900097881345,0.5737542442890036,0.1457233368532207,0.25642631316825343,0.10655835618728447,1440,0.574999988079071,0.9417253708636854,0.11431828723556559,1440,6,gb_M1_numeric,all
0.4512070000193585,0.5276771432970828,0.10847457627118644,0.2567806465253037,0.10828662859972672,458,0.5611353516578674,0.8878630857150589,0.044215913986440036,458,6,gb_M1_numeric,filing
0.5137591027820744,0.6008591264023462,0.16257668711656442,0.2562610538225009,0.11370438503978117,982,0.5814663767814636,1.1493553181247382,0.056792173612019936,982,6,gb_M1_numeric,no_filing
0.5152998800164188,0.5822934479833026,0.08053691275167785,0.25570897012071525,0.10581875965108835,1440,0.574999988079071,-0.39630133829532355,0.7609372113444463,1440,6,gb_M2_visual,all
0.49145323963838394,0.5432413380604859,0.06405693950177936,0.2563148078302021,0.10827240258296492,458,0.5611353516578674,-2.554148699516546,1.7628890505964003,458,6,gb_M2_visual,filing
0.52656584896093,0.6048937703043343,0.08809135399673736,0.25542641037433544,0.11290508725968335,982,0.5814663767814636,0.8145044170654252,0.19982111501423144,982,6,gb_M2_visual,no_filing
0.49533188879416507,0.5836061160851613,0.11061946902654868,0.25485975739702776,0.1030538275743123,1440,0.574999988079071,0.5633979023890116,0.3271267374833067,1440,6,gb_M3_text,all
0.5034264475288925,0.5834962953656866,0.1750841750841751,0.25583807238512546,0.09417929415858767,458,0.5611353516578674,0.6143633423779856,0.3046206960614497,458,6,gb_M3_text,filing
0.48715064278744336,0.5822835464671672,0.07907742998352553,0.2544034760685667,0.10719292224015874,982,0.5814663767814636,0.643204092824357,0.2753529910379781,982,6,gb_M3_text,no_filing
0.512848899624262,0.5890605711065663,0.011961722488038277,0.25570979354903955,0.10686656548320059,1440,0.574999988079071,1.431337690807031,-0.09548580478954338,1440,6,lr_early_M1M2,all
0.5329771376580134,0.5793358839955155,0.0,0.2544142955272422,0.09621994545887232,458,0.5611353516578674,1.0,0.0,458,6,lr_early_M1M2,filing
0.5032022191826352,0.5947916580042842,0.01730103806228374,0.25631400749403266,0.11285931579881343,982,0.5814663767814636,3.871490450915349,-1.233950748528517,982,6,lr_early_M1M2,no_filing
0.5019586135581448,0.5744192485112362,0.028169014084507043,0.2558107191723279,0.1072078555319867,1440,0.574999988079071,-1.4298818285922557,1.244885619639073,1440,6,gb_early_M1M2,all
0.4868072090907331,0.5535556455711348,0.0076045627376425855,0.25535944168386515,0.10190575535390856,458,0.5611353516578674,-7.523700302749924,4.08607879407711,458,6,gb_early_M1M2,filing
0.510028506781546,0.5869640755241234,0.03735144312393888,0.2560211927871099,0.11298635262038462,982,0.5814663767814636,0.5650694849094714,0.3167426294233256,982,6,gb_early_M1M2,no_filing
0.5064116226200626,0.5855676884865835,0.004819277108433735,0.25539562037582353,0.10523531864083226,1440,0.574999988079071,1.0,0.0,1440,6,lr_early_all,all
0.5329577791973983,0.5772437641322524,0.0,0.25458988403741306,0.09425683370193322,458,0.5611353516578674,1.0,0.0,458,6,lr_early_all,filing
0.49359343108304465,0.5896544801944702,0.006980802792321117,0.255771411865632,0.11035563678758187,982,0.5814663767814636,1.0,0.0,982,6,lr_early_all,no_filing
0.48944618104890913,0.5748252999137925,0.03985932004689332,0.25549094478819584,0.10310331277284442,1440,0.574999988079071,-0.5917435383436352,0.931191258946883,1440,6,gb_early_all,all
0.4634028302069419,0.5493111067503537,0.007751937984496124,0.25544619566642146,0.0894396097699924,458,0.5611353516578674,1.0,0.0,458,6,gb_early_all,filing
0.5012698088042918,0.5867348006802022,0.05378151260504202,0.25551181555985847,0.10947602638216179,982,0.5814663767814636,-0.615150242685409,0.9411947927094373,982,6,gb_early_all,no_filing
0.5112820087777462,0.5860990478808044,0.2396135265700483,0.2565349170505223,0.10848134127615933,1440,0.574999988079071,1.1707329963600726,0.002376469632252798,1440,6,late_M1M2,all
0.47852178794742245,0.539420830256472,0.2433234421364985,0.257673681626275,0.09997760331593322,458,0.5611353516578674,-0.9225270671410437,0.9959440625566163,458,6,late_M1M2,filing
0.5277078246641186,0.6141624675948347,0.23782234957020057,0.2560038028186539,0.11549855022677903,982,0.5814663767814636,0.40311345372823754,0.42354706253568886,982,6,late_M1M2,no_filing
0.5110274383505415,0.5862387194532872,0.007211538461538462,0.25513942854528554,0.10425917273928233,1440,0.574999988079071,1.0,0.0,1440,6,late_all,all
0.478386278723116,0.5393498754195609,0.0,0.2548546596950077,0.09235462469793126,458,0.5611353516578674,1.0,0.0,458,6,late_all,filing
0.5273456308776595,0.6141050707874924,0.010452961672473868,0.25527224334510956,0.11083926449065443,982,0.5814663767814636,1.0,0.0,982,6,late_all,no_filing
0.5120397998168671,0.5926822681549428,0.03305785123966942,0.255116516059404,0.10489199384881964,1440,0.574999988079071,3.4885264932618467,-1.0649842893975454,1440,6,cross_modal,all
0.47271424976285886,0.5360758897165625,0.007692307692307693,0.2553993989074674,0.0938418126889542,458,0.5611353516578674,1.0,0.0,458,6,cross_modal,filing
0.5312147127377163,0.6208111553515288,0.044293015332197615,0.25498458088179404,0.11109240501205474,982,0.5814663767814636,4.778229331034822,-1.6660883972805638,982,6,cross_modal,no_filing
0.5135281177044049,0.5608505293268224,0.6953614709569578,0.24979607965701545,0.028826323017413377,1584,0.5378788113594055,0.7264158281975567,0.11589652536503331,1584,7,lr_M1_numeric,all
0.5050612052730696,0.5260435633507772,0.6803840877914952,0.25400247551406047,0.05382017076200106,488,0.5163934230804443,1.0622205286069766,-0.12738755953352654,488,7,lr_M1_numeric,filing
0.5184139784946237,0.5805771797175381,0.7019230769230769,0.2479231588739516,0.01822869179296577,1096,0.5474452376365662,0.721639951418546,0.14340048197065675,1096,7,lr_M1_numeric,no_filing
0.5131088214166603,0.5656290147324867,0.6995073891625616,0.24879887999390216,0.021123197247624792,1584,0.5378788113594055,1.0,0.0,1584,7,lr_M2_visual,all
0.509348937315039,0.5384133835717004,0.6810810810810811,0.2514325658189811,0.04282892574022823,488,0.5163934230804443,1.0,0.0,488,7,lr_M2_visual,filing
0.5154586693548386,0.5809386037715402,0.7075471698113207,0.24762621696229772,0.011458663284098058,1096,0.5474452376365662,1.0,0.0,1096,7,lr_M2_visual,no_filing
0.49847834731522106,0.5419114588169112,0.6995073891625616,0.24903857439909044,0.021638076560365427,1584,0.5378788113594055,1.0,0.0,1584,7,lr_M3_text,all
0.49963007801990855,0.5212165649610172,0.6810810810810811,0.2514911674050473,0.04134649106301469,488,0.5163934230804443,1.0,0.0,488,7,lr_M3_text,filing
0.48420698924731187,0.55099959065864,0.7075471698113207,0.24794654393658414,0.012862857585066334,1096,0.5474452376365662,1.0,0.0,1096,7,lr_M3_text,no_filing
0.518052990071577,0.5559439937984008,0.6995073891625616,0.2489672175573411,0.02130077655109841,1584,0.5378788113594055,1.0,0.0,1584,7,gb_M1_numeric,all
0.5490482916330374,0.5528083005265765,0.6810810810810811,0.251243789287052,0.04281270249740177,488,0.5163934230804443,1.0,0.0,488,7,gb_M1_numeric,filing
0.5034038978494623,0.5581121744973927,0.7075471698113207,0.24795356153170345,0.01172253423227454,1096,0.5474452376365662,1.0,0.0,1096,7,gb_M1_numeric,no_filing
0.5255225570178814,0.5620679645994688,0.6950061906727197,0.24835356858616564,0.031156294903866334,1584,0.5378788113594055,-0.15750902782415002,0.7564934536221943,1584,7,gb_M2_visual,all
0.5017739440408933,0.5250079400492846,0.6693989071038251,0.25322041872726236,0.06024493231353888,488,0.5163934230804443,-0.9376035894363841,1.2016178726328668,488,7,gb_M2_visual,filing
0.5352301747311828,0.5788116906313526,0.7060910703725606,0.24618657691750218,0.021837435915191265,1096,0.5474452376365662,0.6947779667752095,0.2328576709515905,1096,7,gb_M2_visual,no_filing
0.5046603619897894,0.5428643283862334,0.6975973487986744,0.24874667539301853,0.022647072520560967,1584,0.5378788113594055,0.6390641496142656,0.17054126279690118,1584,7,gb_M3_text,all
0.48954970406241594,0.5013818095177314,0.6740947075208914,0.2516845730606367,0.039443917871671626,488,0.5163934230804443,-0.09441588976929195,0.5200864769411565,488,7,gb_M3_text,filing
0.5137113575268817,0.5570058025700981,0.7075471698113207,0.24743856037313014,0.018478464292959358,1096,0.5474452376365662,0.5412174685873307,0.28167309685708386,1096,7,gb_M3_text,no_filing
0.5033752148592832,0.5480087989550957,0.6995073891625616,0.24895963119095907,0.02089664313036188,1584,0.5378788113594055,1.0,0.0,1584,7,lr_early_M1M2,all
0.4851022329835889,0.5072622727404099,0.6810810810810811,0.25157653458710205,0.042249882731660415,488,0.5163934230804443,1.0,0.0,488,7,lr_early_M1M2,filing
0.5113239247311828,0.5683328107667799,0.7075471698113207,0.2477944406277129,0.011389056775372164,1096,0.5474452376365662,1.0,0.0,1096,7,lr_early_M1M2,no_filing
0.5197502180661382,0.5531186155416953,0.6883720930232559,0.24920537679383847,0.029872593982728242,1584,0.5378788113594055,0.3573263152964709,0.357329183242938,1584,7,gb_early_M1M2,all
0.5207492601560398,0.5298324763923885,0.6685552407932012,0.251727170127469,0.04501737454803522,488,0.5163934230804443,0.41270765508501134,0.2810097751645083,488,7,gb_early_M1M2,filing
0.5196118951612904,0.5637087319518655,0.6968053044002411,0.2480825345066015,0.02312926098072899,1096,0.5474452376365662,0.2135553231053285,0.47051990871613575,1096,7,gb_early_M1M2,no_filing
0.504624284871341,0.5491674286392902,0.6995073891625616,0.2489708694186845,0.02081237524366575,1584,0.5378788113594055,1.0,0.0,1584,7,lr_early_all,all
0.4845473500134517,0.510726803884096,0.6810810810810811,0.2516438602792426,0.042881688043879485,488,0.5163934230804443,1.0,0.0,488,7,lr_early_all,filing
0.5165020161290322,0.574097461733178,0.7075471698113207,0.24778070560485935,0.010985953376750235,1096,0.5474452376365662,1.0,0.0,1096,7,lr_early_all,no_filing
0.48959856589445594,0.5328979968328438,0.6747195858498706,0.25186352961129904,0.03987758898133867,1584,0.5378788113594055,0.07911699172523297,0.542632269508075,1584,7,gb_early_all,all
0.47910781544256115,0.5074287663034339,0.6591230551626591,0.2529861244512662,0.054330930640983044,488,0.5163934230804443,0.21138889071369527,0.456375126724268,488,7,gb_early_all,filing
0.4941717069892473,0.5447266451092116,0.6815642458100558,0.2513636881132114,0.03344216002708672,1096,0.5474452376365662,0.06505355182017532,0.5655449569722946,1096,7,gb_early_all,no_filing
0.5136932707355242,0.5610198061113174,0.6960865945045795,0.2496850151938827,0.028441184853966423,1584,0.5378788113594055,0.6078575438383622,0.180327591577774,1584,7,late_M1M2,all
0.5053302394404089,0.5264878681938936,0.6812585499316005,0.25380219667472215,0.053270586928656966,488,0.5163934230804443,1.2296565407885733,-0.23379497613548594,488,7,late_M1M2,filing
0.5186458333333334,0.5806665045299277,0.7025733093955715,0.2478518176002243,0.018653797134197344,1096,0.5474452376365662,0.49700966968412325,0.2721323250671729,1096,7,late_M1M2,no_filing
0.5137558044075015,0.5611538411380543,0.6995073891625616,0.2489873901780608,0.023350301014352315,1584,0.5378788113594055,1.0,0.0,1584,7,late_all,all
0.5052293516276567,0.5264316633299155,0.6810810810810811,0.25191713818555383,0.045726014041038265,488,0.5163934230804443,1.0,0.0,488,7,late_all,filing
0.5187432795698925,0.5807862759721728,0.7075471698113207,0.24768290383895805,0.013387452769226704,1096,0.5474452376365662,1.0,0.0,1096,7,late_all,no_filing
0.5345747068934554,0.578537450999874,0.6995073891625616,0.24856696765462954,0.024449247103956243,1584,0.5378788113594055,1.0,0.0,1584,7,cross_modal,all
0.4939467312348669,0.5349318417670028,0.6810810810810811,0.2519381858585134,0.04586067514352632,488,0.5163934230804443,1.0,0.0,488,7,cross_modal,filing
0.553608870967742,0.6037990449327519,0.7075471698113207,0.24706591429377606,0.014915750070459645,1096,0.5474452376365662,1.0,0.0,1096,7,cross_modal,no_filing
0.5354811905246657,0.5052164451435196,0.6347673397717296,0.26527173402815407,0.131980986738699,1558,0.46662387251853943,0.02698244627831434,0.5042695106243974,1558,8,lr_M1_numeric,all
0.5452532563714936,0.5240754808017534,0.6517150395778364,0.2627450291471771,0.11932461606232089,512,0.486328125,0.4044020111385626,0.23227579915937607,512,8,lr_M1_numeric,filing
0.5276828334020861,0.4970003320998573,0.6263157894736842,0.26650851500239897,0.13851092202826396,1046,0.456978976726532,0.5887389538818568,0.10538365279866452,1046,8,lr_M1_numeric,no_filing
0.49549108894174665,0.4771910398728035,0.6363238512035011,0.2609609740480405,0.10990287296578671,1558,0.46662387251853943,1.0,0.0,1558,8,lr_M2_visual,all
0.4866691098996747,0.487861252678656,0.6544021024967148,0.25792015906329746,0.09017932597443457,512,0.486328125,1.0,0.0,512,8,lr_M2_visual,filing
0.4991270846838352,0.47303207223593624,0.6272965879265092,0.262449403562561,0.11955721310680423,1046,0.456978976726532,1.0,0.0,1046,8,lr_M2_visual,no_filing
0.5060756086781641,0.4777529017679847,0.6363238512035011,0.2608199979829145,0.10824403961181656,1558,0.46662387251853943,-0.04321811180855448,0.491468584446186,1558,8,lr_M3_text,all
0.5241956418831217,0.5024673920874118,0.6544021024967148,0.259247525407182,0.0963896558098431,512,0.486328125,-0.47657314460074224,0.7640357854602656,512,8,lr_M3_text,filing
0.4834256585538335,0.4492372928635604,0.6272965879265092,0.26158969775229796,0.11404656103978739,1046,0.456978976726532,1.0,0.0,1046,8,lr_M3_text,no_filing
0.5308506183200168,0.4856195023529831,0.6363238512035011,0.2603548984070573,0.10885445751178956,1558,0.46662387251853943,0.8679849638662794,-0.032882664508964154,1558,8,gb_M1_numeric,all
0.5164307419793241,0.49764434585293693,0.6544021024967148,0.25803869695436754,0.08862861206346623,512,0.486328125,0.7422673233788807,0.05955650917972999,512,8,gb_M1_numeric,filing
0.5385611261712534,0.48139673449746206,0.6272965879265092,0.2614886413743395,0.11875468259070092,1046,0.456978976726532,0.9329634766541848,-0.08015948531144435,1046,8,gb_M1_numeric,no_filing
0.5189485166444034,0.48362821258615124,0.6314855875831485,0.26170472716100274,0.11451907026508273,1558,0.46662387251853943,0.3475343285867016,0.30195499887443455,1558,8,gb_M2_visual,all
0.526272389939988,0.5050732832757081,0.6405405405405405,0.25820807516693645,0.09872208518668496,512,0.486328125,0.08353416519066195,0.4870445948397019,512,8,gb_M2_visual,filing
0.5150844923095057,0.47306371451596874,0.6270627062706271,0.26341628148314605,0.12486416305419828,1046,0.456978976726532,0.9077317157781055,-0.08310542037151669,1046,8,gb_M2_visual,no_filing
0.5120096931656231,0.4771857441782813,0.6363238512035011,0.26056303870529784,0.10823013953367618,1558,0.46662387251853943,0.8507234341442835,-0.022417908213841153,1558,8,gb_M3_text,all
0.48097332294959305,0.4713037979021635,0.6544021024967148,0.257553476778729,0.08697008316143638,512,0.486328125,1.0,0.0,512,8,gb_M3_text,filing
0.5251672166892568,0.48147200049379624,0.6272965879265092,0.2620361703557791,0.11863657550334585,1046,0.456978976726532,1.0037459785568823,-0.12079280406352044,1046,8,gb_M3_text,no_filing
0.530214173275267,0.509130773256375,0.6363238512035011,0.2612022417873495,0.11191634919459392,1558,0.46662387251853943,1.0,0.0,1558,8,lr_early_M1M2,all
0.5457419029731092,0.5401152524361867,0.6544021024967148,0.25796635298770254,0.09248146538564839,512,0.486328125,1.0,0.0,512,8,lr_early_M1M2,filing
0.5210972950674759,0.49399253040050756,0.6272965879265092,0.26278615676384975,0.12142939339928993,1046,0.456978976726532,1.0,0.0,1046,8,lr_early_M1M2,no_filing
0.49861869079364446,0.4613324809133883,0.6363238512035011,0.2607427976623145,0.10721115236320136,1558,0.46662387251853943,-0.79872901705378,0.9249625567206456,1558,8,gb_early_M1M2,all
0.49601447615557287,0.4812555752004148,0.6544021024967148,0.2580271390788688,0.08795295544416779,512,0.486328125,-0.4953450495559111,0.7707954219365305,512,8,gb_early_M1M2,filing
0.5003609523248276,0.4520501222402178,0.6272965879265092,0.26207206840296854,0.1166377351683926,1046,0.456978976726532,-1.0993877516097956,1.0876061226300542,1046,8,gb_early_M1M2,no_filing
0.5298566384776963,0.5083523750686334,0.6363238512035011,0.26115652667004746,0.11174013262079152,1558,0.46662387251853943,1.0,0.0,1558,8,lr_early_all,all
0.5462610899873257,0.5362373196471716,0.6544021024967148,0.25778067321387116,0.09150262516021324,512,0.486328125,1.0,0.0,512,8,lr_early_all,filing
0.5255318522010726,0.49921580248884134,0.6272965879265092,0.2628089520711586,0.12164604805840906,1046,0.456978976726532,1.0,0.0,1046,8,lr_early_all,no_filing
0.5149990813342007,0.4795870725192402,0.636523266022827,0.26319385159890935,0.11878360483952859,1558,0.46662387251853943,0.6658401103039979,0.043349993058236336,1558,8,gb_early_all,all
0.5193015407638156,0.5120462780754336,0.6569536423841059,0.2548660983369163,0.08991709300217973,512,0.486328125,1.4237801820781952,-0.4017636892124443,512,8,gb_early_all,filing
0.5144712416759974,0.4684107951382406,0.6263952724885096,0.2672701514747607,0.1339726611228305,1046,0.456978976726532,0.370071160648783,0.24976871949621166,1046,8,gb_early_all,no_filing
0.5354811905246657,0.5052164451435196,0.6347673397717296,0.26527173402815407,0.131980986738699,1558,0.46662387251853943,0.02698244627831434,0.5042695106243974,1558,8,late_M1M2,all
0.5452532563714936,0.5240754808017534,0.6517150395778364,0.2627450291471771,0.11932461606232089,512,0.486328125,0.4044020111385626,0.23227579915937607,512,8,late_M1M2,filing
0.5276828334020861,0.4970003320998573,0.6263157894736842,0.26650851500239897,0.13851092202826396,1046,0.456978976726532,0.5887389538818568,0.10538365279866452,1046,8,late_M1M2,no_filing
0.5350044774612381,0.5047344281940813,0.6363238512035011,0.2617782605013572,0.1156276351054335,1558,0.46662387251853943,3.8054731319367234,-1.7491185905149988,1558,8,late_all,all
0.5447493395635775,0.5240418612630846,0.6544021024967148,0.2589135372536774,0.09804914144012626,512,0.486328125,4.045238128152796,-1.8776170622102688,512,8,late_all,filing
0.5268246508338735,0.4963270539847068,0.6272965879265092,0.2631804959724969,0.12423201505310656,1046,0.456978976726532,3.292457765890032,-1.456633665677721,1046,8,late_all,no_filing
0.5390283991876015,0.5157136952718607,0.6363238512035011,0.26183421990973704,0.11735885387566866,1558,0.46662387251853943,3.293020804304828,-1.4564433744124454,1558,8,cross_modal,all
0.5425657000626078,0.529539230869829,0.6544021024967148,0.258772951468491,0.09866208630526699,512,0.486328125,2.6004500226989933,-1.0349096735789913,512,8,cross_modal,filing
0.5356164181743178,0.5092244748749848,0.6272965879265092,0.26333266105879827,0.12651060163640807,1046,0.456978976726532,3.6503933358571294,-1.6729874806714138,1046,8,cross_modal,no_filing
0.5121860093597312,0.49127513057169364,0.6387931034482759,0.2539171782807243,0.07000328561068303,1579,0.4692843556404114,1.0,0.0,1579,9,lr_M1_numeric,all
0.5094133270838216,0.5184632980329805,0.6631439894319683,0.25191120021991137,0.04442413097352571,506,0.4960474371910095,1.0,0.0,506,9,lr_M1_numeric,filing
0.5070815976476354,0.47686460244578843,0.6269993602047345,0.2548631474314898,0.08206578194292347,1073,0.4566635489463806,1.0,0.0,1073,9,lr_M1_numeric,no_filing
0.5290881186811347,0.49265471578231135,0.6382978723404256,0.2533221507615454,0.06905625110711716,1579,0.4692843556404114,2.576484638006116,-0.9177419357873036,1579,9,lr_M2_visual,all
0.5256698695414421,0.5067399644771547,0.6622162883845126,0.2511891383260899,0.04028074617318019,506,0.4960474371910095,2.637798290446183,-0.9186781357221836,506,9,lr_M2_visual,filing
0.5350894388630237,0.4921462800898009,0.6267696267696268,0.25432802615049266,0.08262602963124532,1073,0.4566635489463806,2.824548087656369,-1.0665858417396143,1073,9,lr_M2_visual,no_filing
0.507918409940769,0.4744307593877145,0.6387931034482759,0.2540559317672861,0.07021106243638722,1579,0.4692843556404114,1.0,0.0,1579,9,lr_M3_text,all
0.5046636981485821,0.49171718676689186,0.6631439894319683,0.25284548736018975,0.049057165310213584,506,0.4960474371910095,1.0,0.0,506,9,lr_M3_text,filing
0.49874680575489205,0.45811016436941243,0.6269993602047345,0.25462674711676486,0.08018671882689765,1073,0.4566635489463806,1.0,0.0,1073,9,lr_M3_text,no_filing
0.4859757020603647,0.4598238901796539,0.6387931034482759,0.2537622175992003,0.06857110309673398,1579,0.4692843556404114,1.0,0.0,1579,9,gb_M1_numeric,all
0.5089446137020545,0.5025855671622601,0.6631439894319683,0.2517319090621438,0.041802629015697645,506,0.4960474371910095,1.0,0.0,506,9,gb_M1_numeric,filing
0.4762698218223825,0.44169824328952406,0.6269993602047345,0.2547196603948672,0.08119445277343174,1073,0.4566635489463806,1.0,0.0,1073,9,gb_M1_numeric,no_filing
0.502179696533421,0.4701719595579402,0.6413612565445026,0.2537191280036422,0.06889565754510867,1579,0.4692843556404114,1.0742759100495467,-0.19501141534351807,1579,9,gb_M2_visual,all
0.49307085383954385,0.49482250799051175,0.6666666666666666,0.2513031990276527,0.04044850173131644,506,0.4960474371910095,1.3915402587263608,-0.34008082078985047,506,9,gb_M2_visual,filing
0.5073213848146463,0.4591877040340984,0.629126213592233,0.25485841976678353,0.08231064370884011,1073,0.4566635489463806,0.940467692545327,-0.13286394406563767,1073,9,gb_M2_visual,no_filing
0.5109637044695454,0.4779480836709427,0.6387931034482759,0.25376176292488295,0.06859174666831913,1579,0.4692843556404114,1.0,0.0,1579,9,gb_M3_text,all
0.5190453870791345,0.5027872150378772,0.6631439894319683,0.25173416482993266,0.04183439209218698,506,0.4960474371910095,1.0,0.0,506,9,gb_M3_text,filing
0.48923058074001474,0.4556562520488576,0.6269993602047345,0.25471792754375044,0.08120985266423275,1073,0.4566635489463806,1.0,0.0,1073,9,gb_M3_text,no_filing
0.511337320720564,0.49252943118391446,0.6384083044982699,0.253342755933376,0.0665099606218658,1579,0.4692843556404114,2.2302672978188456,-0.7256801757345461,1579,9,lr_early_M1M2,all
0.5050386688539957,0.5011006679811194,0.6622340425531915,0.2514071464363215,0.03710934454736691,506,0.4960474371910095,2.450718378494126,-0.8105696782829435,506,9,lr_early_M1M2,filing
0.5202471383064375,0.4946303877777041,0.6269230769230769,0.2542555410270475,0.08037453722322348,1073,0.4566635489463806,1.0,0.0,1073,9,lr_early_M1M2,no_filing
0.4744346638581031,0.45270496632483676,0.6393013100436681,0.2550431573290451,0.06916207750968718,1579,0.4692843556404114,2.6097585754648915,-0.9359308209087394,1579,9,gb_early_M1M2,all
0.48968830560112486,0.4937455457649406,0.6612903225806451,0.2518468614899788,0.04090389162201797,506,0.4960474371910095,1.88266977137249,-0.5148545893217401,506,9,gb_early_M1M2,filing
0.46700738614485243,0.4369536344802711,0.628719275549806,0.25655045061382376,0.08248791919335427,1073,0.4566635489463806,3.219014333242049,-1.2788727898906502,1073,9,gb_early_M1M2,no_filing
0.5155743222568998,0.4881445901021083,0.6398616515348032,0.2533645153630038,0.06710299221103687,1579,0.4692843556404114,7.217840445289366,-3.4022738835713655,1579,9,lr_early_all,all
0.5035387860323411,0.48955135805422345,0.6657824933687002,0.25183016167742556,0.04137989514789902,506,0.4960474371910095,1.0,0.0,506,9,lr_early_all,filing
0.5179227780305948,0.491256137266272,0.627325208466966,0.2540880782380295,0.07923334190734821,1073,0.4566635489463806,1.0,0.0,1073,9,lr_early_all,no_filing
0.5161387726706155,0.4761846230377412,0.637999122422115,0.25286684000205,0.06189042133005146,1579,0.4692843556404114,-0.5568140907018554,0.66948636566045,1579,9,gb_early_all,all
0.4824544957425201,0.4856244640508085,0.6630727762803235,0.25218562174554077,0.033862741081912257,506,0.4960474371910095,-0.3903672359689789,0.5883851091417505,506,9,gb_early_all,filing
0.5349739209577483,0.477330851969885,0.6258945998698764,0.2531880855172351,0.07584939658195718,1073,0.4566635489463806,-0.8789772063676976,0.8434247604332283,1073,9,gb_early_all,no_filing
0.5295720483510962,0.4931115670731587,0.6375432525951558,0.25336031343912263,0.06921086116545991,1579,0.4692843556404114,-0.6925883339946085,0.8421983759696058,1579,9,late_M1M2,all
0.5257714241074916,0.5054729064648487,0.6604527296937417,0.2512373471616772,0.04083903493383511,506,0.4960474371910095,-0.09232481488321197,0.5456020771806624,506,9,late_M1M2,filing
0.5355095039731158,0.49270113522174075,0.6265214606021781,0.2543614513108723,0.08259032025233026,1073,0.4566635489463806,1.0,0.0,1073,9,late_M1M2,no_filing
0.5294174485230885,0.49026365907591923,0.6387931034482759,0.253705599612484,0.06868402396718121,1579,0.4692843556404114,1.0,0.0,1579,9,late_all,all
0.5255526911960003,0.5015587742188365,0.6631439894319683,0.251680232411637,0.041825454145584695,506,0.4960474371910095,1.0,0.0,506,9,late_all,filing
0.5331746420695208,0.4915926280379039,0.6269993602047345,0.2546607121974128,0.08134986054483273,1073,0.4566635489463806,1.0,0.0,1073,9,late_all,no_filing
0.5194216033934662,0.4759640811048184,0.6413612565445026,0.2535713046855083,0.0688604175029276,1579,0.4692843556404114,5.836145936651326,-2.671407013252697,1579,9,cross_modal,all
0.5014764471525661,0.4943143981172816,0.6666666666666666,0.251432548336671,0.04162787002038962,506,0.4960474371910095,6.83984025954829,-3.181565735279466,506,9,cross_modal,filing
0.5234816396541464,0.46808324599687545,0.629126213592233,0.2545798887605425,0.08170259810632384,1073,0.4566635489463806,5.342608066205062,-2.4196157856772293,1073,9,cross_modal,no_filing
0.5026822237474262,0.5152300855054488,0.08177570093457943,0.25381112520279875,0.07379414279157757,1480,0.5236486196517944,2.2503955024966116,-0.6448148503565121,1480,10,lr_M1_numeric,all
0.4581634938409854,0.5118951869308881,0.08239700374531835,0.2577385969595368,0.11573153328407443,425,0.5529412031173706,-3.896892964556473,2.3650319092262038,425,10,lr_M1_numeric,filing
0.5194066882416396,0.5207191285004241,0.08149405772495756,0.2522289683339706,0.05689992216500815,1055,0.5118483304977417,3.663795674558507,-1.3149864892259626,1055,10,lr_M1_numeric,no_filing
0.49763898421413866,0.5116498026747762,0.0,0.25251618838699147,0.05563462561216975,1480,0.5236486196517944,1.0,0.0,1480,10,lr_M2_visual,all
0.5155431131019037,0.5477964396930084,0.0,0.2544196250628585,0.085276461640307,425,0.5529412031173706,1.0,0.0,425,10,lr_M2_visual,filing
0.49235526788924844,0.5009668468114149,0.0,0.25174940110050475,0.04369364229784345,1055,0.5118483304977417,1.0,0.0,1055,10,lr_M2_visual,no_filing
0.5025193319606497,0.5219041361754102,0.0,0.25272220949549695,0.05704800171703256,1480,0.5236486196517944,1.0,0.0,1480,10,lr_M3_text,all
0.49500559910414327,0.5505752913794865,0.0,0.25473625404994404,0.08609563202990062,425,0.5529412031173706,1.0,0.0,425,10,lr_M3_text,filing
0.5049334771664868,0.5006275126045141,0.0,0.25191086453280503,0.045346390373312395,1055,0.5118483304977417,1.0,0.0,1055,10,lr_M3_text,no_filing
0.4784561885152139,0.5086069447637717,0.18143899895724713,0.2550090575354598,0.07140806166333388,1480,0.5236486196517944,0.015230570310304784,0.4670075317420069,1480,10,gb_M1_numeric,all
0.434020156774916,0.5163303071440879,0.20327868852459016,0.2598961021221348,0.11501515238150367,425,0.5529412031173706,-0.4178768319106983,0.7319336633208987,425,10,gb_M1_numeric,filing
0.49748471772743613,0.5090274676964912,0.1712538226299694,0.25304034289153865,0.05553654227427269,1055,0.5118483304977417,0.27416094109647055,0.29715880728151467,1055,10,gb_M1_numeric,no_filing
0.48428460306566007,0.5158394012295385,0.0299625468164794,0.2533268553946349,0.0643161039739479,1480,0.5236486196517944,0.958058987527809,0.011277135164863228,1480,10,gb_M2_visual,all
0.48562150055991044,0.5466266613781795,0.04065040650406504,0.2558398328911119,0.09417422416441085,425,0.5529412031173706,0.19909918301834992,0.3956359307997884,425,10,gb_M2_visual,filing
0.4832686084142394,0.5041544270198562,0.025225225225225224,0.2523145184884712,0.0533599911747123,1055,0.5118483304977417,1.5927807270785455,-0.3071924060100376,1055,10,gb_M2_visual,no_filing
0.49281537405628,0.5198693529113034,0.1791044776119403,0.25485971196461266,0.06133138309868138,1480,0.5236486196517944,-0.3606860038713774,0.727518402085882,1480,10,gb_M3_text,all
0.47210526315789475,0.5322372757700178,0.30303030303030304,0.2594149197266611,0.08544194137871357,425,0.5529412031173706,-0.5410823473415726,0.8067566870406323,425,10,gb_M3_text,filing
0.4979737504494786,0.5118233222466801,0.1118421052631579,0.2530246756623657,0.05271042439311535,1055,0.5118483304977417,-0.765417568832635,0.9449865676269289,1055,10,gb_M3_text,no_filing
0.4938329901624342,0.5072366610290127,0.0,0.2529984980788158,0.05849619041434989,1480,0.5236486196517944,1.0,0.0,1480,10,lr_early_M1M2,all
0.46945128779395295,0.5206003689859173,0.0,0.2550792014981497,0.08711728393034074,425,0.5529412031173706,1.0,0.0,425,10,lr_early_M1M2,filing
0.4994210715569939,0.5027559122263832,0.0,0.2521603000188945,0.046966406690225004,1055,0.5118483304977417,1.0,0.0,1055,10,lr_early_M1M2,no_filing
0.47448181194234723,0.5134146561372798,0.03018867924528302,0.2536723116852168,0.06116209107345058,1480,0.5236486196517944,1.2382107569862506,-0.04918950715816117,1480,10,gb_early_M1M2,all
0.44832026875699876,0.5283859733165114,0.04938271604938271,0.2563228853753852,0.0893567741658124,425,0.5529412031173706,3.767210955488508,-1.196370426439046,425,10,gb_early_M1M2,filing
0.48088097806544416,0.5089355638404565,0.021739130434782608,0.2526045450327793,0.05122848170863448,1055,0.5118483304977417,-0.1833162206835613,0.5970451803852026,1055,10,gb_early_M1M2,no_filing
0.49544543582704187,0.5071067696042113,0.0,0.2529454882880892,0.05827217496435144,1480,0.5236486196517944,1.0,0.0,1480,10,lr_early_all,all
0.4808958566629339,0.5232500274764119,0.0,0.25504172571618966,0.08761206392752363,425,0.5529412031173706,1.0,0.0,425,10,lr_early_all,filing
0.5008450197770586,0.5029111977363884,0.0,0.2521010324521246,0.04645282909325765,1055,0.5118483304977417,1.0,0.0,1055,10,lr_early_all,no_filing
0.47128071379547015,0.5212732272411102,0.08383233532934131,0.2535869433134534,0.06037589796829398,1480,0.5236486196517944,0.9086313955896127,0.10264818132366216,1480,10,gb_early_all,all
0.4332698768197089,0.5365659214521207,0.04938271604938271,0.25665662378359616,0.09100206068090756,425,0.5529412031173706,3.671757052711279,-1.144159910296286,425,10,gb_early_all,filing
0.4877831715210357,0.5189469878769641,0.09797297297297297,0.25235034217619207,0.04803836522939595,1055,0.5118483304977417,0.6818583363617802,0.19559567515930587,1055,10,gb_early_all,no_filing
0.5029787234042553,0.5154181968199917,0.06420927467300833,0.25362664194575313,0.07341887024024166,1480,0.5236486196517944,2.2782868430294463,-0.6719837203982439,1480,10,late_M1M2,all
0.45711086226203806,0.5114132680399235,0.06130268199233716,0.25734164585440433,0.11476222370038892,425,0.5529412031173706,-4.739550439420439,2.7580164748988647,425,10,late_M1M2,filing
0.519928083423229,0.5210104031765748,0.06551724137931035,0.2521300763901353,0.05676397043938809,1055,0.5118483304977417,3.8748822265447678,-1.4259233992540172,1055,10,late_M1M2,no_filing
0.5031233127430794,0.5156103708447495,0.0,0.25276960278674243,0.05758124239848683,1480,0.5236486196517944,1.0,0.0,1480,10,late_all,all
0.46040313549832024,0.5138358845553322,0.0,0.25496276394790296,0.0866125704889733,425,0.5529412031173706,1.0,0.0,425,10,late_all,filing
0.5190722761596548,0.5200282820107245,0.0,0.2518861018450427,0.0458861983007498,1055,0.5118483304977417,1.0,0.0,1055,10,late_all,no_filing
0.4833713109128346,0.5089706898047271,0.08909730363423213,0.2535853792783755,0.05988644732458593,1480,0.5236486196517944,-0.8069079887853691,0.8999326946220779,1480,10,cross_modal,all
0.4404703247480403,0.5062955595355595,0.05426356589147287,0.25717585578197283,0.10845233016878383,425,0.5529412031173706,-5.59180232201106,3.1637193353584276,425,10,cross_modal,filing
0.5006724199928084,0.5109173647030414,0.10420168067226891,0.2521389787911443,0.045747852639434886,1055,0.5118483304977417,1.1382793921060563,-0.018704240013194928,1055,10,cross_modal,no_filing
0.4930344244659597,0.4933102343116097,0.039525691699604744,0.2512423097921716,0.03525574645085871,1443,0.5010395050048828,-2.2838578449334372,1.5751453367663228,1443,11,lr_M1_numeric,all
0.4411067744633399,0.47380769071531215,0.06986899563318777,0.25258935274319255,0.041809909672504655,415,0.5084337592124939,-1.7937946446154505,1.3553182590434627,415,11,lr_M1_numeric,filing
0.5120631964631783,0.5031890958124352,0.026415094339622643,0.25069851327011544,0.03260989284789389,1028,0.49805447459220886,-2.940017322608509,1.8785993086008281,1028,11,lr_M1_numeric,no_filing
0.5005638158905794,0.49364198258903763,0.09382716049382717,0.25171575924863254,0.044900087391798134,1443,0.5010395050048828,0.6306246249523668,0.15188868995512916,1443,11,lr_M2_visual,all
0.4802992286962178,0.4934528048176896,0.11715481171548117,0.25332942288040927,0.04659708062100748,415,0.5084337592124939,0.45663642419864364,0.2776730985283713,415,11,lr_M2_visual,filing
0.5097050629844961,0.495545579754612,0.0840630472854641,0.2510643288914464,0.04525810047369435,1028,0.49805447459220886,0.9711548051944784,-0.03437199295736687,1028,11,lr_M2_visual,no_filing
0.5056227908406332,0.5068763334474343,0.0651890482398957,0.2512851765758702,0.03329237458418206,1443,0.5010395050048828,0.864650605936951,0.11513133446232593,1443,11,lr_M3_text,all
0.49370411671777714,0.5246965688021071,0.14345991561181434,0.2518958902850952,0.036825380562210824,415,0.5084337592124939,1.3530147542512234,-0.07814053695280665,415,11,lr_M3_text,filing
0.5132782218992248,0.5037565479563406,0.03018867924528302,0.25103863359014217,0.03403847530107584,1028,0.49805447459220886,-1.33064350300714,1.1183850047578883,1028,11,lr_M3_text,no_filing
0.4719004533579223,0.49136117240407184,0.23255813953488372,0.2523338595411015,0.036978605370454366,1443,0.5010395050048828,0.31868983176079807,0.33851662765868445,1443,11,gb_M1_numeric,all
0.4626312610352198,0.4940548717418082,0.2206405693950178,0.25339657082950096,0.06205369833198664,415,0.5084337592124939,-1.74486366887462,1.3320213368178144,415,11,gb_M1_numeric,filing
0.4758925327034884,0.49361738701469665,0.23759398496240602,0.2519048467155317,0.02783574098311771,1028,0.49805447459220886,0.752520879325173,0.13688762158247136,1028,11,gb_M1_numeric,no_filing
0.4936097664054095,0.5048524794263455,0.005517241379310344,0.2509952980547915,0.03199547742632981,1443,0.5010395050048828,1.0,0.0,1443,11,gb_M2_visual,all
0.47873106588607006,0.49942216079188323,0.0,0.25175615234315923,0.03945908864104131,415,0.5084337592124939,1.0,0.0,415,11,gb_M2_visual,filing
0.49926947068798455,0.5076267092574822,0.007782101167315175,0.25068814384304766,0.02898249636301479,1028,0.49805447459220886,1.0,0.0,1028,11,gb_M2_visual,no_filing
0.4942456201014293,0.5008665625255563,0.02972972972972973,0.25102926763095146,0.03153821930640047,1443,0.5010395050048828,3.791592220717832,-1.2791179744819092,1443,11,gb_M3_text,all
0.49159000092928157,0.5071843736970145,0.06306306306306306,0.25138782489926775,0.03781724312094644,415,0.5084337592124939,3.3036589996563004,-1.0463227365083958,415,11,gb_M3_text,filing
0.49532347686531003,0.4970361029066127,0.015444015444015444,0.25088451931738026,0.02900340239628848,1028,0.49805447459220886,4.616010084942174,-1.6670900163082356,1028,11,gb_M3_text,no_filing
0.5110438758260335,0.4950865002629265,0.0,0.2511132643664068,0.03287453510292293,1443,0.5010395050048828,1.0,0.0,1443,11,lr_early_M1M2,all
0.5016030108725955,0.5042318917960682,0.0,0.25178244617186385,0.04131742260368687,415,0.5084337592124939,1.0,0.0,415,11,lr_early_M1M2,filing
0.5162268350290697,0.4933019092860905,0.0,0.25084311801498194,0.0294661751020599,1028,0.49805447459220886,1.0,0.0,1028,11,lr_early_M1M2,no_filing
0.5208410173659136,0.5087020813662948,0.0,0.2509276038154053,0.03156252349977562,1443,0.5010395050048828,1.0,0.0,1443,11,gb_early_M1M2,all
0.533942012824087,0.5386278895629446,0.0,0.2513784557322318,0.039102031212666366,415,0.5084337592124939,1.0,0.0,415,11,gb_early_M1M2,filing
0.5150458757267442,0.49790799537494473,0.0,0.25074559647544137,0.028518854755690104,1028,0.49805447459220886,1.0,0.0,1028,11,gb_early_M1M2,no_filing
0.5087405870600892,0.4954299286610361,0.0,0.251031114065132,0.03221799022289534,1443,0.5010395050048828,1.0,0.0,1443,11,lr_early_all,all
0.49349502834309084,0.5018363518763874,0.0,0.25156735718397144,0.03988186510223035,415,0.5084337592124939,1.0,0.0,415,11,lr_early_all,filing
0.5183010840600776,0.49572343653704554,0.0,0.2508146345959507,0.029124114889243324,1028,0.49805447459220886,1.0,0.0,1028,11,lr_early_all,no_filing
0.5164294221607499,0.505290453415791,0.0,0.25100624071856,0.031747505884209715,1443,0.5010395050048828,1.0,0.0,1443,11,gb_early_all,all
0.5384374128798439,0.5322416635108697,0.0,0.2514607983885324,0.03914745551880128,415,0.5084337592124939,1.0,0.0,415,11,gb_early_all,filing
0.505134523376938,0.49597447333693967,0.0,0.2508227373790283,0.028760176247608793,1028,0.49805447459220886,1.0,0.0,1028,11,gb_early_all,no_filing
0.5001210235131397,0.4932140681762567,0.03942181340341656,0.25133889608493104,0.04013629706702413,1443,0.5010395050048828,-2.718441530484629,1.7719753658727941,1443,11,late_M1M2,all
0.46963572158721306,0.48445680736865704,0.044444444444444446,0.2528288158442832,0.051649302300013224,415,0.5084337592124939,-3.93192069732426,2.343765914329004,415,11,late_M1M2,filing
0.5127975109011628,0.49956675093349817,0.03731343283582089,0.25073742069569843,0.035488515255500654,1028,0.49805447459220886,-2.0579824085266267,1.4609461654439253,1028,11,late_M1M2,no_filing
0.5051790379591209,0.49373196092918276,0.0,0.2510510396757011,0.0323636718006855,1443,0.5010395050048828,1.0,0.0,1443,11,late_all,all
0.48292444940061335,0.48946731029248847,0.0,0.2517560583132514,0.0395500449133428,415,0.5084337592124939,1.0,0.0,415,11,late_all,filing
0.513694585755814,0.49674233119950983,0.0,0.25076642612065897,0.029462562258056102,1028,0.49805447459220886,1.0,0.0,1028,11,late_all,no_filing
0.4911518364837867,0.48850778476876044,0.002758620689655172,0.25120060655831467,0.03218840952516508,1443,0.5010395050048828,1.0,0.0,1443,11,cross_modal,all
0.47007713037821774,0.4908311504740426,0.009433962264150943,0.25203156900325,0.03899430272979284,415,0.5084337592124939,1.0,0.0,415,11,cross_modal,filing
0.499545784883721,0.49143464769384554,0.0,0.25086514992927944,0.030404837846345543,1028,0.49805447459220886,1.0,0.0,1028,11,cross_modal,no_filing
0.5056875389766262,0.48775355145810667,0.6360327570518653,0.2520170223642159,0.0536639019397184,1517,0.4765985608100891,-3.1127589725661546,2.1141075916028864,1517,12,lr_M1_numeric,all
0.52478595582416,0.5214139636015995,0.6367583212735166,0.25163905406717335,0.059889176464412726,472,0.4788135588169098,-12.002583186178278,6.816240360826,472,12,lr_M1_numeric,filing
0.4974114761562073,0.47260270265296644,0.6357000663570007,0.2521877410591481,0.05085207293002549,1045,0.4755980968475342,-1.2997635790475022,1.1582164126300303,1045,12,lr_M1_numeric,no_filing
0.49326727775048684,0.48586937213969394,0.6455357142857143,0.25164785895403924,0.04685666144230549,1517,0.4765985608100891,1.0,0.0,1517,12,lr_M2_visual,all
0.48593423987337214,0.4887349927375632,0.6475644699140402,0.25153872151972606,0.0445763294542173,472,0.4788135588169098,1.0,0.0,472,12,lr_M2_visual,filing
0.49736374451086074,0.4865645626348796,0.6446173800259404,0.2516971535655185,0.047886635107404096,1045,0.4755980968475342,1.0,0.0,1045,12,lr_M2_visual,no_filing
0.5026094742379743,0.48369623452559374,0.6447841726618705,0.2517011541596077,0.04770530430012307,1517,0.4765985608100891,2.706512113536843,-0.9424362003285367,1517,12,lr_M3_text,all
0.5014569393481546,0.4946474929076529,0.6451612903225806,0.25172708728631166,0.04644176336375845,472,0.4788135588169098,2.697154862183171,-0.9378814001493749,472,12,lr_M3_text,filing
0.5082685896400299,0.4814699190983139,0.6446173800259404,0.2516894408239098,0.04827600232006324,1045,0.4755980968475342,1.0,0.0,1045,12,lr_M3_text,no_filing
0.511329786678094,0.4945877391048339,0.6445540116539669,0.2515483945809793,0.04714949642996559,1517,0.4765985608100891,0.8614342619111534,0.02542403913605068,1517,12,gb_M1_numeric,all
0.5159993524714008,0.5111519967261263,0.6456241032998565,0.25148762234620364,0.047528881734386984,472,0.4788135588169098,1.0,0.0,472,12,gb_M1_numeric,filing
0.5086871594530687,0.4893315041436811,0.6440677966101694,0.25157584385831333,0.04796248604175449,1045,0.4755980968475342,2.715408514102947,-0.9460827374429861,1045,12,gb_M1_numeric,no_filing
0.5009310840989302,0.479621725390208,0.6455357142857143,0.2516659508302225,0.04705059373938292,1517,0.4765985608100891,1.0,0.0,1517,12,gb_M2_visual,all
0.5063223972947695,0.4881246833696448,0.6475644699140402,0.2515610080874151,0.04483572518545864,472,0.4788135588169098,1.0,0.0,472,12,gb_M2_visual,filing
0.4983661090631379,0.47626340865223593,0.6446173800259404,0.25171335080592117,0.04805099923134737,1045,0.4755980968475342,1.0,0.0,1045,12,gb_M2_visual,no_filing
0.48494936087042867,0.4756974858263071,0.6433063791554358,0.2517657504962268,0.0470861613740834,1517,0.4765985608100891,-0.9109880062971428,0.9536347509186367,1517,12,gb_M3_text,all
0.4919508597740845,0.47657097566617085,0.6403508771929824,0.2516057002536421,0.0445165428536565,472,0.4788135588169098,-0.8390696576419507,0.9178223560757168,472,12,gb_M3_text,filing
0.4797507673779906,0.47167529950597087,0.6446173800259404,0.251838041132112,0.048246809210035435,1045,0.4755980968475342,1.0,0.0,1045,12,gb_M3_text,no_filing
0.5076838390278402,0.47963189414490537,0.6455357142857143,0.25177045566933337,0.04800755670401613,1517,0.4765985608100891,1.0,0.0,1517,12,lr_early_M1M2,all
0.5158464637743723,0.4919212453744024,0.6475644699140402,0.2516359974648489,0.04626158237729916,472,0.4788135588169098,1.0,0.0,472,12,lr_early_M1M2,filing
0.5036863516867629,0.4764085794292273,0.6446173800259404,0.2518311870305933,0.04879617456417007,1045,0.4755980968475342,1.0,0.0,1045,12,lr_early_M1M2,no_filing
0.5057833474433076,0.47970379447475586,0.6376677464136974,0.2516105752098238,0.04639052354430884,1517,0.4765985608100891,1.2910602804893674,-0.19861188418801323,1517,12,gb_early_M1M2,all
0.485511547593352,0.47616385766032815,0.6317365269461078,0.252056083844459,0.045003523844686796,472,0.4788135588169098,-0.6396081872689661,0.8129843383759987,472,12,gb_early_M1M2,filing
0.5150171099590242,0.48330842597392176,0.6403215003348962,0.25140935025714645,0.04762919404093581,1045,0.4755980968475342,2.351749588709057,-0.7549014457849716,1045,12,gb_early_M1M2,no_filing
0.510058147029415,0.478465654222336,0.6455357142857143,0.25177948214938256,0.04825853527748647,1517,0.4765985608100891,1.0,0.0,1517,12,lr_early_all,all
0.5210266925678106,0.4885005805715321,0.6475644699140402,0.25160668429042005,0.04645686286399675,472,0.4788135588169098,1.0,0.0,472,12,lr_early_all,filing
0.505812245737197,0.4759853274027851,0.6446173800259404,0.2518575305603207,0.049072310550996145,1045,0.4755980968475342,1.0,0.0,1045,12,lr_early_all,no_filing
0.5008962446565004,0.48640426059926656,0.6455357142857143,0.25166488475543364,0.04704589156027961,1517,0.4765985608100891,1.0,0.0,1517,12,gb_early_all,all
0.5108461040362615,0.4903304547016799,0.6475644699140402,0.2515605971179427,0.04483346921086373,472,0.4788135588169098,1.0,0.0,472,12,gb_early_all,filing
0.4992234428468622,0.486814374384123,0.6446173800259404,0.25171198883667356,0.04804519216370051,1045,0.4755980968475342,1.0,0.0,1045,12,gb_early_all,no_filing
0.5056875389766262,0.48775355145810667,0.6360327570518653,0.2520170223642159,0.0536639019397184,1517,0.4765985608100891,-3.1127589725661546,2.1141075916028864,1517,12,late_M1M2,all
0.52478595582416,0.5214139636015995,0.6367583212735166,0.25163905406717335,0.059889176464412726,472,0.4788135588169098,-12.002583186178278,6.816240360826,472,12,late_M1M2,filing
0.4974114761562073,0.47260270265296644,0.6357000663570007,0.2521877410591481,0.05085207293002549,1045,0.4755980968475342,-1.2997635790475022,1.1582164126300303,1045,12,late_M1M2,no_filing
0.5052955952492937,0.48741297796688565,0.6455357142857143,0.25167004859416503,0.04713725775448696,1517,0.4765985608100891,1.0,0.0,1517,12,late_all,all
0.5245521260522339,0.5192955339145836,0.6475644699140402,0.25154722947467245,0.045069540787771034,472,0.4788135588169098,1.0,0.0,472,12,late_all,filing
0.49660003818531623,0.47242803173339076,0.6446173800259404,0.25172552287588795,0.04807119860610454,1045,0.4755980968475342,1.0,0.0,1045,12,late_all,no_filing
0.5076159021151025,0.4874971662967099,0.6455357142857143,0.2516820204086121,0.04728460809284207,1517,0.4765985608100891,1.0,0.0,1517,12,cross_modal,all
0.5246240736743651,0.5183078249176618,0.6475644699140402,0.2515580906944723,0.04520948454653162,472,0.4788135588169098,1.0,0.0,472,12,cross_modal,filing
0.5002717032119726,0.47194268129320777,0.6446173800259404,0.25173799631777377,0.0482218943086401,1045,0.4755980968475342,1.0,0.0,1045,12,cross_modal,no_filing
0.47449519268720103,0.4852687904835147,0.5133991537376587,0.25026533886150654,0.02268366512031057,1332,0.4902402460575104,-3.5421819611720395,2.261057584601001,1332,13,lr_M1_numeric,all
0.48693298969072163,0.5224128439111145,0.5121951219512195,0.2503204099125254,0.012540855437044925,394,0.5076141953468323,-1.6361229875751633,1.3248253753966817,394,13,lr_M1_numeric,filing
0.4687785894722469,0.4714271798490204,0.5138888888888888,0.25024220667163294,0.026944084706363385,938,0.4829424321651459,-4.245984477008839,2.6063958662666784,938,13,lr_M1_numeric,no_filing
0.502398581825809,0.494421227107145,0.5155684286748733,0.2507452401092934,0.025323256264548195,1332,0.4902402460575104,1.2753992851163451,-0.15149332117683756,1332,13,lr_M2_visual,all
0.5034536082474227,0.5100574391441768,0.524822695035461,0.2501854965057629,0.03537854909234897,394,0.5076141953468323,-0.6705617665337215,0.8462058859892629,394,13,lr_M2_visual,filing
0.5010354793928222,0.490300781433733,0.511482254697286,0.2509803562924395,0.021591841173542587,938,0.4829424321651459,0.10821896325316398,0.42866061132986255,938,13,lr_M2_visual,no_filing
0.5063996012512771,0.48745233390877385,0.5495978552278821,0.25010286819201305,0.01142519992762238,1332,0.4902402460575104,-0.5736607498674057,0.7780260272025206,1332,13,lr_M3_text,all
0.5227061855670103,0.5067140439919016,0.5260545905707196,0.2502661558352058,0.00919253981605892,394,0.5076141953468323,2.5053530196257507,-0.7491830896046106,394,13,lr_M3_text,filing
0.5028970665210168,0.4854231022351518,0.5583103764921947,0.2500342804186464,0.0187316838734158,938,0.4829424321651459,-2.849924769112463,1.912675859613781,938,13,lr_M3_text,no_filing
0.5078768660335102,0.5106297869716866,0.5220535068691251,0.2500188878964256,0.012963441385930547,1332,0.4902402460575104,0.3281131580805464,0.32513249302832736,1332,13,gb_M1_numeric,all
0.507319587628866,0.5261913832840576,0.5204819277108433,0.24991096201213361,0.020171699744393905,394,0.5076141953468323,-0.38939573461543714,0.7034753190990695,394,13,gb_M1_numeric,filing
0.5090940124257527,0.5069222000004835,0.5227272727272727,0.2500642213702113,0.020352160138743535,938,0.4829424321651459,0.6489276741221186,0.1563406444108985,938,13,gb_M1_numeric,no_filing
0.5041927255422464,0.4954037210093373,0.4459346186085499,0.2502253685235528,0.015619253120939288,1332,0.4902402460575104,0.6846380049138526,0.14803362482216953,1332,13,gb_M2_visual,all
0.5090721649484536,0.5144616492598889,0.4628099173553719,0.2504453900549006,0.01812575882777605,394,0.5076141953468323,0.4631147263326856,0.28099005034341185,394,13,gb_M2_visual,filing
0.5025579754671036,0.49002362642268255,0.43855421686746987,0.25013295009780545,0.01937541353499014,938,0.4829424321651459,1.8337494113613302,-0.43472335336920387,938,13,gb_M2_visual,no_filing
0.5009675520482108,0.4927540132214784,0.6354733405875952,0.2504926765577392,0.012937216958906195,1332,0.4902402460575104,0.5340291105189958,0.2223240991889739,1332,13,gb_M3_text,all
0.4847422680412371,0.49988153160004584,0.6632302405498282,0.25064929940583164,0.003125751513892282,394,0.5076141953468323,-3.6037550228390836,2.3263152537498835,394,13,gb_M3_text,filing
0.5045834186750415,0.4874775658190147,0.6226114649681529,0.2504268882825277,0.017494086999635047,938,0.4829424321651459,0.5970973822985096,0.18413310730608023,938,13,gb_M3_text,no_filing
0.4826032337438851,0.47531756473046377,0.5010893246187363,0.25052457225972624,0.025626330963159135,1332,0.4902402460575104,-1.5146742739285064,1.247804381275348,1332,13,lr_early_M1M2,all
0.48118556701030923,0.49875035700895887,0.4937655860349127,0.2506575123884916,0.025651643894553662,394,0.5076141953468323,-1.4744883102653716,1.2441620931536954,394,13,lr_early_M1M2,filing
0.48335267745385857,0.4689318837955898,0.5040983606557377,0.25046873173655615,0.025615725395355213,938,0.4829424321651459,-1.4647193350663292,1.2159043652727735,938,13,lr_early_M1M2,no_filing
0.4855600186744312,0.4786335013857116,0.5131964809384164,0.25188096518747544,0.018683341549211016,1332,0.4902402460575104,-0.7800992416347132,0.8812164535251586,1332,13,gb_early_M1M2,all
0.48442010309278344,0.49343829019052265,0.5402843601895735,0.25200644738590844,0.013414667365814597,394,0.5076141953468323,0.34176923996947284,0.33643852770858895,394,13,gb_early_M1M2,filing
0.4857718304089575,0.47316669932449545,0.5010615711252654,0.2518282573130803,0.021208744332418643,938,0.4829424321651459,0.04479450367499708,0.45934251539427895,938,13,gb_early_M1M2,no_filing
0.48394066582917405,0.4735952455805529,0.5029239766081871,0.25050079171370826,0.020251326297383233,1332,0.4902402460575104,-1.005240483836875,0.9928524531938986,1332,13,lr_early_all,all
0.48355670103092785,0.49574549964198233,0.4832904884318766,0.25067034432697377,0.02064925767443643,394,0.5076141953468323,-0.9414353158800525,0.977367317580438,394,13,lr_early_all,filing
0.48351653353360186,0.4685758609609381,0.5107252298263534,0.2504295723857482,0.02008417398750773,938,0.4829424321651459,-0.9163087321700004,0.941480717543393,938,13,lr_early_all,no_filing
0.462790970416363,0.4718255479062488,0.5593008739076155,0.25330021162036553,0.05018766235948209,1332,0.4902402460575104,-1.584553083052098,1.2799612627126065,1332,13,gb_early_all,all
0.4467525773195876,0.47790375510877736,0.5256124721603563,0.2544090007656306,0.061313198743773396,394,0.5076141953468323,-0.6744990069968756,0.845871670033929,394,13,gb_early_all,filing
0.47137070162263045,0.47185619049116895,0.572419774501301,0.25283447289623506,0.04679906410395983,938,0.4829424321651459,-2.1504695838741053,1.5509443144060238,938,13,gb_early_all,no_filing
0.502398581825809,0.494421227107145,0.5155684286748733,0.2507452401092934,0.025323256264548195,1332,0.4902402460575104,1.2753992851163451,-0.15149332117683756,1332,13,late_M1M2,all
0.5034536082474227,0.5100574391441768,0.524822695035461,0.2501854965057629,0.03537854909234897,394,0.5076141953468323,-0.6705617665337215,0.8462058859892629,394,13,late_M1M2,filing
0.5010354793928222,0.490300781433733,0.511482254697286,0.2509803562924395,0.021591841173542587,938,0.4829424321651459,0.10821896325316398,0.42866061132986255,938,13,late_M1M2,no_filing
0.502319644013018,0.49432397683510304,0.5293701344656758,0.25004734652789495,0.010607181769070599,1332,0.4902402460575104,0.3460616144447231,0.316916178700263,1332,13,late_all,all
0.5029896907216495,0.5098525931521559,0.5290023201856149,0.2498669943057007,0.021454166294442148,394,0.5076141953468323,-2.704066501401893,1.861340652257185,394,13,late_all,filing
0.5010764434127581,0.4899515774656224,0.5295315682281059,0.2501231021521429,0.0179979482048984,938,0.4829424321651459,1.5637867728082704,-0.30042149001397356,938,13,late_all,no_filing
0.5054320492030664,0.4937361945259403,0.5390070921985816,0.2499883443140865,0.010637005111712547,1332,0.4902402460575104,1.8676133847818295,-0.4452048204075567,1332,13,cross_modal,all
0.49945876288659796,0.49565320045073297,0.5488372093023256,0.24986370436660268,0.006755705854895114,394,0.5076141953468323,0.9118367596770545,0.05091298422968238,394,13,cross_modal,filing
0.5072756650963792,0.49444066778561535,0.5346938775510204,0.2500406984071661,0.017942688810744456,938,0.4829424321651459,2.2093870099311226,-0.6237066425915301,938,13,cross_modal,no_filing
0.5547703180212015,0.5799939003879325,0.0,0.2507229090657919,0.03443020654208617,555,0.5099099278450012,1.0,0.0,555,14,lr_M1_numeric,all
0.5133023648648649,0.5743296118016237,0.0,0.2522054043235225,0.060346362570944834,138,0.5362318754196167,1.0,0.0,138,14,lr_M1_numeric,filing
0.5681588148693413,0.5826709911733043,0.0,0.25023229912438466,0.02585363606340413,417,0.5011990666389465,1.0,0.0,417,14,lr_M1_numeric,no_filing
0.47593405736853045,0.4905917118576933,0.11728395061728394,0.2515073618202909,0.03332209259419081,555,0.5099099278450012,-2.1397686322065184,1.5426445875006087,555,14,lr_M2_visual,all
0.4496410472972973,0.49710262219612233,0.09302325581395349,0.25325254443134987,0.08385382742243126,138,0.5362318754196167,-8.700721474244288,4.7330210196730285,138,14,lr_M2_visual,filing
0.48617500920132495,0.5006377470463268,0.12605042016806722,0.2509298193734656,0.018464918403782588,417,0.5011990666389465,0.7604853325491747,0.13408682084651252,417,14,lr_M2_visual,no_filing
0.47861671170234876,0.4778795276605475,0.0,0.25131246574066224,0.03415608365558326,555,0.5099099278450012,1.0,0.0,555,14,lr_M3_text,all
0.43475506756756765,0.4746029452802214,0.0,0.25266466499621854,0.05767331935298409,138,0.5362318754196167,1.0,0.0,138,14,lr_M3_text,filing
0.47904398233345596,0.4717301098450749,0.0,0.2508649753395429,0.026373400480836973,417,0.5011990666389465,1.0,0.0,417,14,lr_M3_text,no_filing
0.517226148409894,0.5416530125331498,0.0664451827242525,0.2505769762682455,0.032598520303477124,555,0.5099099278450012,1.3411154241502905,-0.13021972345803157,555,14,gb_M1_numeric,all
0.48215793918918914,0.5441799925004708,0.0975609756097561,0.2521862945104719,0.058187731331435226,138,0.5362318754196167,-1.0696123435466118,1.0492256927248054,138,14,gb_M1_numeric,filing
0.525062108943688,0.5472095083149975,0.0547945205479452,0.2500443961305303,0.024647420813819248,417,0.5011990666389465,2.9859965215101982,-0.9217823904800133,417,14,gb_M1_numeric,no_filing
0.4883665038453544,0.5096485890170579,0.02097902097902098,0.25109277829019155,0.03132648074803158,555,0.5099099278450012,1.0,0.0,555,14,gb_M2_visual,all
0.5102407094594595,0.5507386968187585,0.02666666666666667,0.25182942105527795,0.058348834929328026,138,0.5362318754196167,1.0,0.0,138,14,gb_M2_visual,filing
0.48203441295546556,0.4977619021790352,0.018957345971563982,0.2508489972312421,0.022383825659787613,417,0.5011990666389465,1.0,0.0,417,14,gb_M2_visual,no_filing
0.517550924963625,0.5162729862544171,0.0,0.2510108744405978,0.03331343123534869,555,0.5099099278450012,1.0,0.0,555,14,gb_M3_text,all
0.43918918918918914,0.5003663849272154,0.0,0.2522454973488529,0.059624846052972746,138,0.5362318754196167,1.0,0.0,138,14,gb_M3_text,filing
0.5473063121089436,0.5334651717343454,0.0,0.25060229419757807,0.024606055689881,417,0.5011990666389465,1.0,0.0,417,14,gb_M3_text,no_filing
0.4431121388484722,0.4706795213655741,0.0,0.25146459757904543,0.031171444520668334,555,0.5099099278450012,1.0,0.0,555,14,lr_early_M1M2,all
0.433910472972973,0.4825095411028282,0.0,0.2527485321630326,0.0578599273974616,138,0.5362318754196167,1.0,0.0,138,14,lr_early_M1M2,filing
0.4473454177401546,0.4749501609734915,0.0,0.25103969836420076,0.022339283862094494,417,0.5011990666389465,1.0,0.0,417,14,lr_early_M1M2,no_filing
0.5243647370609021,0.524040961870583,0.08387096774193549,0.25086966332540117,0.0381016708103919,555,0.5099099278450012,-0.6729016028317703,0.8297529681289473,555,14,gb_early_M1M2,all
0.4893369932432433,0.531219955510086,0.09523809523809523,0.25282210211095363,0.07596205674440526,138,0.5362318754196167,-3.551509542411229,2.230254169439317,138,14,gb_early_M1M2,filing
0.534320942215679,0.5219785009280287,0.07964601769911504,0.2502235325042832,0.026431595739682016,417,0.5011990666389465,0.6396590349328731,0.1975097554754669,417,14,gb_early_M1M2,no_filing
0.4461260652670963,0.47161324277719674,0.0,0.2513931523250107,0.031119348183744122,555,0.5099099278450012,1.0,0.0,555,14,lr_early_all,all
0.4364442567567568,0.48460176925584736,0.0,0.25270856473574776,0.05826266944045716,138,0.5362318754196167,1.0,0.0,138,14,lr_early_all,filing
0.45222211998527784,0.4727616638626412,0.0,0.2509578359876445,0.022136665471383765,417,0.5011990666389465,1.0,0.0,417,14,lr_early_all,no_filing
0.5222731760548742,0.5250430653599711,0.15709969788519637,0.2510139659246303,0.035341337063010174,555,0.5099099278450012,0.8147733990983981,0.12324406056691783,555,14,gb_early_all,all
0.49155405405405406,0.5451010092980264,0.25263157894736843,0.2521080881108027,0.05585424986235657,138,0.5362318754196167,0.9724779015377589,0.06907525117053276,138,14,gb_early_all,filing
0.5258557232241443,0.5168458369314166,0.11864406779661017,0.2506518823234509,0.028552900534465128,417,0.5011990666389465,0.4493271100243405,0.28882628631648904,417,14,gb_early_all,no_filing
0.47786323009769277,0.49403505304817164,0.05333333333333334,0.2513611802801782,0.030357521127177364,555,0.5099099278450012,-1.79782836706886,1.3756805114293649,555,14,late_M1M2,all
0.4467905405405405,0.4962996651634576,0.025,0.2530659494909009,0.08423769732265846,138,0.5362318754196167,-15.913863722893248,8.196846747172392,138,14,late_M1M2,filing
0.48796926757453074,0.5039417632955965,0.06363636363636363,0.2507970120521692,0.019573234250151183,417,0.5011990666389465,6.383392596066125,-2.5732075953076374,417,14,late_M1M2,no_filing
0.4750701517356059,0.4898031412477094,0.0,0.25104166086892504,0.03281028665778657,555,0.5099099278450012,1.0,0.0,555,14,late_all,all
0.4497466216216216,0.4961307548855488,0.0,0.25231459700671954,0.05917246454957914,138,0.5362318754196167,1.0,0.0,138,14,late_all,filing
0.48523187338976814,0.49768907121117567,0.0,0.2506204014276405,0.02408611182158693,417,0.5011990666389465,1.0,0.0,417,14,late_all,no_filing
0.4848004572853876,0.5056139423890658,0.0,0.2510138851594655,0.032688297048059145,555,0.5099099278450012,1.0,0.0,555,14,cross_modal,all
0.4451013513513513,0.4889741526804531,0.0,0.252283487835501,0.058984912655021204,138,0.5362318754196167,1.0,0.0,138,14,cross_modal,filing
0.49712458594037545,0.5171301841082001,0.0,0.2505937288781875,0.02398581908309838,417,0.5011990666389465,1.0,0.0,417,14,cross_modal,no_filing
